uuid,speaker,sentence,letter,emotion_en,suffix,path,paths
03a01Fa,3,a01,F,happy,a,C:\Users\kiran\Desktop\MiniProject\archive (6)EmoDB\wav\03a01Fa,C:\Users\kiran\Desktop\MiniProject\archive (6)EmoDB\wav\03a01Fa.wav
03a01Nc,3,a01,N,neutral,c,C:\Users\kiran\Desktop\MiniProject\archive (6)EmoDB\wav\03a01Nc,C:\Users\kiran\Desktop\MiniProject\archive (6)EmoDB\wav\03a01Nc.wav
03a01Wa,3,a01,W,angry,a,C:\Users\kiran\Desktop\MiniProject\archive (6)EmoDB\wav\03a01Wa,C:\Users\kiran\Desktop\MiniProject\archive (6)EmoDB\wav\03a01Wa.wav
03a02Fc,3,a02,F,happy,c,C:\Users\kiran\Desktop\MiniProject\archive (6)EmoDB\wav\03a02Fc,C:\Users\kiran\Desktop\MiniProject\archive (6)EmoDB\wav\03a02Fc.wav
03a02Nc,3,a02,N,neutral,c,C:\Users\kiran\Desktop\MiniProject\archive (6)EmoDB\wav\03a02Nc,C:\Users\kiran\Desktop\MiniProject\archive (6)EmoDB\wav\03a02Nc.wav
03a02Ta,3,a02,T,sad,a,C:\Users\kiran\Desktop\MiniProject\archive (6)EmoDB\wav\03a02Ta,C:\Users\kiran\Desktop\MiniProject\archive (6)EmoDB\wav\03a02Ta.wav
03a02Wb,3,a02,W,angry,b,C:\Users\kiran\Desktop\MiniProject\archive (6)EmoDB\wav\03a02Wb,C:\Users\kiran\Desktop\MiniProject\archive (6)EmoDB\wav\03a02Wb.wav
03a02Wc,3,a02,W,angry,c,C:\Users\kiran\Desktop\MiniProject\archive (6)EmoDB\wav\03a02Wc,C:\Users\kiran\Desktop\MiniProject\archive (6)EmoDB\wav\03a02Wc.wav
03a04Ad,3,a04,A,afraid,d,C:\Users\kiran\Desktop\MiniProject\archive (6)EmoDB\wav\03a04Ad,C:\Users\kiran\Desktop\MiniProject\archive (6)EmoDB\wav\03a04Ad.wav
03a04Fd,3,a04,F,happy,d,C:\Users\kiran\Desktop\MiniProject\archive (6)EmoDB\wav\03a04Fd,C:\Users\kiran\Desktop\MiniProject\archive (6)EmoDB\wav\03a04Fd.wav
03a04Lc,3,a04,L,boring,c,C:\Users\kiran\Desktop\MiniProject\archive (6)EmoDB\wav\03a04Lc,C:\Users\kiran\Desktop\MiniProject\archive (6)EmoDB\wav\03a04Lc.wav
03a04Nc,3,a04,N,neutral,c,C:\Users\kiran\Desktop\MiniProject\archive (6)EmoDB\wav\03a04Nc,C:\Users\kiran\Desktop\MiniProject\archive (6)EmoDB\wav\03a04Nc.wav
03a04Ta,3,a04,T,sad,a,C:\Users\kiran\Desktop\MiniProject\archive (6)EmoDB\wav\03a04Ta,C:\Users\kiran\Desktop\MiniProject\archive (6)EmoDB\wav\03a04Ta.wav
03a04Wc,3,a04,W,angry,c,C:\Users\kiran\Desktop\MiniProject\archive (6)EmoDB\wav\03a04Wc,C:\Users\kiran\Desktop\MiniProject\archive (6)EmoDB\wav\03a04Wc.wav
03a05Aa,3,a05,A,afraid,a,C:\Users\kiran\Desktop\MiniProject\archive (6)EmoDB\wav\03a05Aa,C:\Users\kiran\Desktop\MiniProject\archive (6)EmoDB\wav\03a05Aa.wav
03a05Fc,3,a05,F,happy,c,C:\Users\kiran\Desktop\MiniProject\archive (6)EmoDB\wav\03a05Fc,C:\Users\kiran\Desktop\MiniProject\archive (6)EmoDB\wav\03a05Fc.wav
03a05Nd,3,a05,N,neutral,d,C:\Users\kiran\Desktop\MiniProject\archive (6)EmoDB\wav\03a05Nd,C:\Users\kiran\Desktop\MiniProject\archive (6)EmoDB\wav\03a05Nd.wav
03a05Tc,3,a05,T,sad,c,C:\Users\kiran\Desktop\MiniProject\archive (6)EmoDB\wav\03a05Tc,C:\Users\kiran\Desktop\MiniProject\archive (6)EmoDB\wav\03a05Tc.wav
03a05Wa,3,a05,W,angry,a,C:\Users\kiran\Desktop\MiniProject\archive (6)EmoDB\wav\03a05Wa,C:\Users\kiran\Desktop\MiniProject\archive (6)EmoDB\wav\03a05Wa.wav
03a05Wb,3,a05,W,angry,b,C:\Users\kiran\Desktop\MiniProject\archive (6)EmoDB\wav\03a05Wb,C:\Users\kiran\Desktop\MiniProject\archive (6)EmoDB\wav\03a05Wb.wav
03a07Fa,3,a07,F,happy,a,C:\Users\kiran\Desktop\MiniProject\archive (6)EmoDB\wav\03a07Fa,C:\Users\kiran\Desktop\MiniProject\archive (6)EmoDB\wav\03a07Fa.wav
03a07Fb,3,a07,F,happy,b,C:\Users\kiran\Desktop\MiniProject\archive (6)EmoDB\wav\03a07Fb,C:\Users\kiran\Desktop\MiniProject\archive (6)EmoDB\wav\03a07Fb.wav
03a07La,3,a07,L,boring,a,C:\Users\kiran\Desktop\MiniProject\archive (6)EmoDB\wav\03a07La,C:\Users\kiran\Desktop\MiniProject\archive (6)EmoDB\wav\03a07La.wav
03a07Nc,3,a07,N,neutral,c,C:\Users\kiran\Desktop\MiniProject\archive (6)EmoDB\wav\03a07Nc,C:\Users\kiran\Desktop\MiniProject\archive (6)EmoDB\wav\03a07Nc.wav
03a07Wc,3,a07,W,angry,c,C:\Users\kiran\Desktop\MiniProject\archive (6)EmoDB\wav\03a07Wc,C:\Users\kiran\Desktop\MiniProject\archive (6)EmoDB\wav\03a07Wc.wav
03b01Fa,3,b01,F,happy,a,C:\Users\kiran\Desktop\MiniProject\archive (6)EmoDB\wav\03b01Fa,C:\Users\kiran\Desktop\MiniProject\archive (6)EmoDB\wav\03b01Fa.wav
03b01Lb,3,b01,L,boring,b,C:\Users\kiran\Desktop\MiniProject\archive (6)EmoDB\wav\03b01Lb,C:\Users\kiran\Desktop\MiniProject\archive (6)EmoDB\wav\03b01Lb.wav
03b01Nb,3,b01,N,neutral,b,C:\Users\kiran\Desktop\MiniProject\archive (6)EmoDB\wav\03b01Nb,C:\Users\kiran\Desktop\MiniProject\archive (6)EmoDB\wav\03b01Nb.wav
03b01Td,3,b01,T,sad,d,C:\Users\kiran\Desktop\MiniProject\archive (6)EmoDB\wav\03b01Td,C:\Users\kiran\Desktop\MiniProject\archive (6)EmoDB\wav\03b01Td.wav
03b01Wa,3,b01,W,angry,a,C:\Users\kiran\Desktop\MiniProject\archive (6)EmoDB\wav\03b01Wa,C:\Users\kiran\Desktop\MiniProject\archive (6)EmoDB\wav\03b01Wa.wav
03b01Wc,3,b01,W,angry,c,C:\Users\kiran\Desktop\MiniProject\archive (6)EmoDB\wav\03b01Wc,C:\Users\kiran\Desktop\MiniProject\archive (6)EmoDB\wav\03b01Wc.wav
03b02Aa,3,b02,A,afraid,a,C:\Users\kiran\Desktop\MiniProject\archive (6)EmoDB\wav\03b02Aa,C:\Users\kiran\Desktop\MiniProject\archive (6)EmoDB\wav\03b02Aa.wav
03b02La,3,b02,L,boring,a,C:\Users\kiran\Desktop\MiniProject\archive (6)EmoDB\wav\03b02La,C:\Users\kiran\Desktop\MiniProject\archive (6)EmoDB\wav\03b02La.wav
03b02Na,3,b02,N,neutral,a,C:\Users\kiran\Desktop\MiniProject\archive (6)EmoDB\wav\03b02Na,C:\Users\kiran\Desktop\MiniProject\archive (6)EmoDB\wav\03b02Na.wav
03b02Tb,3,b02,T,sad,b,C:\Users\kiran\Desktop\MiniProject\archive (6)EmoDB\wav\03b02Tb,C:\Users\kiran\Desktop\MiniProject\archive (6)EmoDB\wav\03b02Tb.wav
03b02Wb,3,b02,W,angry,b,C:\Users\kiran\Desktop\MiniProject\archive (6)EmoDB\wav\03b02Wb,C:\Users\kiran\Desktop\MiniProject\archive (6)EmoDB\wav\03b02Wb.wav
03b03Nb,3,b03,N,neutral,b,C:\Users\kiran\Desktop\MiniProject\archive (6)EmoDB\wav\03b03Nb,C:\Users\kiran\Desktop\MiniProject\archive (6)EmoDB\wav\03b03Nb.wav
03b03Tc,3,b03,T,sad,c,C:\Users\kiran\Desktop\MiniProject\archive (6)EmoDB\wav\03b03Tc,C:\Users\kiran\Desktop\MiniProject\archive (6)EmoDB\wav\03b03Tc.wav
03b03Wc,3,b03,W,angry,c,C:\Users\kiran\Desktop\MiniProject\archive (6)EmoDB\wav\03b03Wc,C:\Users\kiran\Desktop\MiniProject\archive (6)EmoDB\wav\03b03Wc.wav
03b09La,3,b09,L,boring,a,C:\Users\kiran\Desktop\MiniProject\archive (6)EmoDB\wav\03b09La,C:\Users\kiran\Desktop\MiniProject\archive (6)EmoDB\wav\03b09La.wav
03b09Nc,3,b09,N,neutral,c,C:\Users\kiran\Desktop\MiniProject\archive (6)EmoDB\wav\03b09Nc,C:\Users\kiran\Desktop\MiniProject\archive (6)EmoDB\wav\03b09Nc.wav
03b09Tc,3,b09,T,sad,c,C:\Users\kiran\Desktop\MiniProject\archive (6)EmoDB\wav\03b09Tc,C:\Users\kiran\Desktop\MiniProject\archive (6)EmoDB\wav\03b09Tc.wav
03b09Wa,3,b09,W,angry,a,C:\Users\kiran\Desktop\MiniProject\archive (6)EmoDB\wav\03b09Wa,C:\Users\kiran\Desktop\MiniProject\archive (6)EmoDB\wav\03b09Wa.wav
03b10Ab,3,b10,A,afraid,b,C:\Users\kiran\Desktop\MiniProject\archive (6)EmoDB\wav\03b10Ab,C:\Users\kiran\Desktop\MiniProject\archive (6)EmoDB\wav\03b10Ab.wav
03b10Ec,3,b10,E,disgust,c,C:\Users\kiran\Desktop\MiniProject\archive (6)EmoDB\wav\03b10Ec,C:\Users\kiran\Desktop\MiniProject\archive (6)EmoDB\wav\03b10Ec.wav
03b10Na,3,b10,N,neutral,a,C:\Users\kiran\Desktop\MiniProject\archive (6)EmoDB\wav\03b10Na,C:\Users\kiran\Desktop\MiniProject\archive (6)EmoDB\wav\03b10Na.wav
03b10Nc,3,b10,N,neutral,c,C:\Users\kiran\Desktop\MiniProject\archive (6)EmoDB\wav\03b10Nc,C:\Users\kiran\Desktop\MiniProject\archive (6)EmoDB\wav\03b10Nc.wav
03b10Wb,3,b10,W,angry,b,C:\Users\kiran\Desktop\MiniProject\archive (6)EmoDB\wav\03b10Wb,C:\Users\kiran\Desktop\MiniProject\archive (6)EmoDB\wav\03b10Wb.wav
03b10Wc,3,b10,W,angry,c,C:\Users\kiran\Desktop\MiniProject\archive (6)EmoDB\wav\03b10Wc,C:\Users\kiran\Desktop\MiniProject\archive (6)EmoDB\wav\03b10Wc.wav
08a01Ab,8,a01,A,afraid,b,C:\Users\kiran\Desktop\MiniProject\archive (6)EmoDB\wav\08a01Ab,C:\Users\kiran\Desktop\MiniProject\archive (6)EmoDB\wav\08a01Ab.wav
08a01Fd,8,a01,F,happy,d,C:\Users\kiran\Desktop\MiniProject\archive (6)EmoDB\wav\08a01Fd,C:\Users\kiran\Desktop\MiniProject\archive (6)EmoDB\wav\08a01Fd.wav
08a01Lc,8,a01,L,boring,c,C:\Users\kiran\Desktop\MiniProject\archive (6)EmoDB\wav\08a01Lc,C:\Users\kiran\Desktop\MiniProject\archive (6)EmoDB\wav\08a01Lc.wav
08a01Na,8,a01,N,neutral,a,C:\Users\kiran\Desktop\MiniProject\archive (6)EmoDB\wav\08a01Na,C:\Users\kiran\Desktop\MiniProject\archive (6)EmoDB\wav\08a01Na.wav
08a01Wa,8,a01,W,angry,a,C:\Users\kiran\Desktop\MiniProject\archive (6)EmoDB\wav\08a01Wa,C:\Users\kiran\Desktop\MiniProject\archive (6)EmoDB\wav\08a01Wa.wav
08a01Wc,8,a01,W,angry,c,C:\Users\kiran\Desktop\MiniProject\archive (6)EmoDB\wav\08a01Wc,C:\Users\kiran\Desktop\MiniProject\archive (6)EmoDB\wav\08a01Wc.wav
08a02Ab,8,a02,A,afraid,b,C:\Users\kiran\Desktop\MiniProject\archive (6)EmoDB\wav\08a02Ab,C:\Users\kiran\Desktop\MiniProject\archive (6)EmoDB\wav\08a02Ab.wav
08a02Ac,8,a02,A,afraid,c,C:\Users\kiran\Desktop\MiniProject\archive (6)EmoDB\wav\08a02Ac,C:\Users\kiran\Desktop\MiniProject\archive (6)EmoDB\wav\08a02Ac.wav
08a02Fe,8,a02,F,happy,e,C:\Users\kiran\Desktop\MiniProject\archive (6)EmoDB\wav\08a02Fe,C:\Users\kiran\Desktop\MiniProject\archive (6)EmoDB\wav\08a02Fe.wav
08a02La,8,a02,L,boring,a,C:\Users\kiran\Desktop\MiniProject\archive (6)EmoDB\wav\08a02La,C:\Users\kiran\Desktop\MiniProject\archive (6)EmoDB\wav\08a02La.wav
08a02Na,8,a02,N,neutral,a,C:\Users\kiran\Desktop\MiniProject\archive (6)EmoDB\wav\08a02Na,C:\Users\kiran\Desktop\MiniProject\archive (6)EmoDB\wav\08a02Na.wav
08a02Tb,8,a02,T,sad,b,C:\Users\kiran\Desktop\MiniProject\archive (6)EmoDB\wav\08a02Tb,C:\Users\kiran\Desktop\MiniProject\archive (6)EmoDB\wav\08a02Tb.wav
08a02Wc,8,a02,W,angry,c,C:\Users\kiran\Desktop\MiniProject\archive (6)EmoDB\wav\08a02Wc,C:\Users\kiran\Desktop\MiniProject\archive (6)EmoDB\wav\08a02Wc.wav
08a04Ff,8,a04,F,happy,f,C:\Users\kiran\Desktop\MiniProject\archive (6)EmoDB\wav\08a04Ff,C:\Users\kiran\Desktop\MiniProject\archive (6)EmoDB\wav\08a04Ff.wav
08a04La,8,a04,L,boring,a,C:\Users\kiran\Desktop\MiniProject\archive (6)EmoDB\wav\08a04La,C:\Users\kiran\Desktop\MiniProject\archive (6)EmoDB\wav\08a04La.wav
08a04Nc,8,a04,N,neutral,c,C:\Users\kiran\Desktop\MiniProject\archive (6)EmoDB\wav\08a04Nc,C:\Users\kiran\Desktop\MiniProject\archive (6)EmoDB\wav\08a04Nc.wav
08a04Tb,8,a04,T,sad,b,C:\Users\kiran\Desktop\MiniProject\archive (6)EmoDB\wav\08a04Tb,C:\Users\kiran\Desktop\MiniProject\archive (6)EmoDB\wav\08a04Tb.wav
08a04Wc,8,a04,W,angry,c,C:\Users\kiran\Desktop\MiniProject\archive (6)EmoDB\wav\08a04Wc,C:\Users\kiran\Desktop\MiniProject\archive (6)EmoDB\wav\08a04Wc.wav
08a05Fe,8,a05,F,happy,e,C:\Users\kiran\Desktop\MiniProject\archive (6)EmoDB\wav\08a05Fe,C:\Users\kiran\Desktop\MiniProject\archive (6)EmoDB\wav\08a05Fe.wav
08a05Lc,8,a05,L,boring,c,C:\Users\kiran\Desktop\MiniProject\archive (6)EmoDB\wav\08a05Lc,C:\Users\kiran\Desktop\MiniProject\archive (6)EmoDB\wav\08a05Lc.wav
08a05Nb,8,a05,N,neutral,b,C:\Users\kiran\Desktop\MiniProject\archive (6)EmoDB\wav\08a05Nb,C:\Users\kiran\Desktop\MiniProject\archive (6)EmoDB\wav\08a05Nb.wav
08a05Ta,8,a05,T,sad,a,C:\Users\kiran\Desktop\MiniProject\archive (6)EmoDB\wav\08a05Ta,C:\Users\kiran\Desktop\MiniProject\archive (6)EmoDB\wav\08a05Ta.wav
08a05Wa,8,a05,W,angry,a,C:\Users\kiran\Desktop\MiniProject\archive (6)EmoDB\wav\08a05Wa,C:\Users\kiran\Desktop\MiniProject\archive (6)EmoDB\wav\08a05Wa.wav
08a07Fd,8,a07,F,happy,d,C:\Users\kiran\Desktop\MiniProject\archive (6)EmoDB\wav\08a07Fd,C:\Users\kiran\Desktop\MiniProject\archive (6)EmoDB\wav\08a07Fd.wav
08a07La,8,a07,L,boring,a,C:\Users\kiran\Desktop\MiniProject\archive (6)EmoDB\wav\08a07La,C:\Users\kiran\Desktop\MiniProject\archive (6)EmoDB\wav\08a07La.wav
08a07Na,8,a07,N,neutral,a,C:\Users\kiran\Desktop\MiniProject\archive (6)EmoDB\wav\08a07Na,C:\Users\kiran\Desktop\MiniProject\archive (6)EmoDB\wav\08a07Na.wav
08a07Ta,8,a07,T,sad,a,C:\Users\kiran\Desktop\MiniProject\archive (6)EmoDB\wav\08a07Ta,C:\Users\kiran\Desktop\MiniProject\archive (6)EmoDB\wav\08a07Ta.wav
08a07Tb,8,a07,T,sad,b,C:\Users\kiran\Desktop\MiniProject\archive (6)EmoDB\wav\08a07Tb,C:\Users\kiran\Desktop\MiniProject\archive (6)EmoDB\wav\08a07Tb.wav
08a07Wc,8,a07,W,angry,c,C:\Users\kiran\Desktop\MiniProject\archive (6)EmoDB\wav\08a07Wc,C:\Users\kiran\Desktop\MiniProject\archive (6)EmoDB\wav\08a07Wc.wav
08b01Aa,8,b01,A,afraid,a,C:\Users\kiran\Desktop\MiniProject\archive (6)EmoDB\wav\08b01Aa,C:\Users\kiran\Desktop\MiniProject\archive (6)EmoDB\wav\08b01Aa.wav
08b01Fd,8,b01,F,happy,d,C:\Users\kiran\Desktop\MiniProject\archive (6)EmoDB\wav\08b01Fd,C:\Users\kiran\Desktop\MiniProject\archive (6)EmoDB\wav\08b01Fd.wav
08b01Fe,8,b01,F,happy,e,C:\Users\kiran\Desktop\MiniProject\archive (6)EmoDB\wav\08b01Fe,C:\Users\kiran\Desktop\MiniProject\archive (6)EmoDB\wav\08b01Fe.wav
08b01Lb,8,b01,L,boring,b,C:\Users\kiran\Desktop\MiniProject\archive (6)EmoDB\wav\08b01Lb,C:\Users\kiran\Desktop\MiniProject\archive (6)EmoDB\wav\08b01Lb.wav
08b01Na,8,b01,N,neutral,a,C:\Users\kiran\Desktop\MiniProject\archive (6)EmoDB\wav\08b01Na,C:\Users\kiran\Desktop\MiniProject\archive (6)EmoDB\wav\08b01Na.wav
08b01Wa,8,b01,W,angry,a,C:\Users\kiran\Desktop\MiniProject\archive (6)EmoDB\wav\08b01Wa,C:\Users\kiran\Desktop\MiniProject\archive (6)EmoDB\wav\08b01Wa.wav
08b02Ff,8,b02,F,happy,f,C:\Users\kiran\Desktop\MiniProject\archive (6)EmoDB\wav\08b02Ff,C:\Users\kiran\Desktop\MiniProject\archive (6)EmoDB\wav\08b02Ff.wav
08b02La,8,b02,L,boring,a,C:\Users\kiran\Desktop\MiniProject\archive (6)EmoDB\wav\08b02La,C:\Users\kiran\Desktop\MiniProject\archive (6)EmoDB\wav\08b02La.wav
08b02Nb,8,b02,N,neutral,b,C:\Users\kiran\Desktop\MiniProject\archive (6)EmoDB\wav\08b02Nb,C:\Users\kiran\Desktop\MiniProject\archive (6)EmoDB\wav\08b02Nb.wav
08b02Tc,8,b02,T,sad,c,C:\Users\kiran\Desktop\MiniProject\archive (6)EmoDB\wav\08b02Tc,C:\Users\kiran\Desktop\MiniProject\archive (6)EmoDB\wav\08b02Tc.wav
08b02Wd,8,b02,W,angry,d,C:\Users\kiran\Desktop\MiniProject\archive (6)EmoDB\wav\08b02Wd,C:\Users\kiran\Desktop\MiniProject\archive (6)EmoDB\wav\08b02Wd.wav
08b03Fe,8,b03,F,happy,e,C:\Users\kiran\Desktop\MiniProject\archive (6)EmoDB\wav\08b03Fe,C:\Users\kiran\Desktop\MiniProject\archive (6)EmoDB\wav\08b03Fe.wav
08b03Lc,8,b03,L,boring,c,C:\Users\kiran\Desktop\MiniProject\archive (6)EmoDB\wav\08b03Lc,C:\Users\kiran\Desktop\MiniProject\archive (6)EmoDB\wav\08b03Lc.wav
08b03Nb,8,b03,N,neutral,b,C:\Users\kiran\Desktop\MiniProject\archive (6)EmoDB\wav\08b03Nb,C:\Users\kiran\Desktop\MiniProject\archive (6)EmoDB\wav\08b03Nb.wav
08b03Tc,8,b03,T,sad,c,C:\Users\kiran\Desktop\MiniProject\archive (6)EmoDB\wav\08b03Tc,C:\Users\kiran\Desktop\MiniProject\archive (6)EmoDB\wav\08b03Tc.wav
08b03Wd,8,b03,W,angry,d,C:\Users\kiran\Desktop\MiniProject\archive (6)EmoDB\wav\08b03Wd,C:\Users\kiran\Desktop\MiniProject\archive (6)EmoDB\wav\08b03Wd.wav
08b09Ab,8,b09,A,afraid,b,C:\Users\kiran\Desktop\MiniProject\archive (6)EmoDB\wav\08b09Ab,C:\Users\kiran\Desktop\MiniProject\archive (6)EmoDB\wav\08b09Ab.wav
08b09Fd,8,b09,F,happy,d,C:\Users\kiran\Desktop\MiniProject\archive (6)EmoDB\wav\08b09Fd,C:\Users\kiran\Desktop\MiniProject\archive (6)EmoDB\wav\08b09Fd.wav
08b09Lc,8,b09,L,boring,c,C:\Users\kiran\Desktop\MiniProject\archive (6)EmoDB\wav\08b09Lc,C:\Users\kiran\Desktop\MiniProject\archive (6)EmoDB\wav\08b09Lc.wav
08b09Nb,8,b09,N,neutral,b,C:\Users\kiran\Desktop\MiniProject\archive (6)EmoDB\wav\08b09Nb,C:\Users\kiran\Desktop\MiniProject\archive (6)EmoDB\wav\08b09Nb.wav
08b09Tb,8,b09,T,sad,b,C:\Users\kiran\Desktop\MiniProject\archive (6)EmoDB\wav\08b09Tb,C:\Users\kiran\Desktop\MiniProject\archive (6)EmoDB\wav\08b09Tb.wav
08b09Wa,8,b09,W,angry,a,C:\Users\kiran\Desktop\MiniProject\archive (6)EmoDB\wav\08b09Wa,C:\Users\kiran\Desktop\MiniProject\archive (6)EmoDB\wav\08b09Wa.wav
08b09Wc,8,b09,W,angry,c,C:\Users\kiran\Desktop\MiniProject\archive (6)EmoDB\wav\08b09Wc,C:\Users\kiran\Desktop\MiniProject\archive (6)EmoDB\wav\08b09Wc.wav
08b10Aa,8,b10,A,afraid,a,C:\Users\kiran\Desktop\MiniProject\archive (6)EmoDB\wav\08b10Aa,C:\Users\kiran\Desktop\MiniProject\archive (6)EmoDB\wav\08b10Aa.wav
08b10Fd,8,b10,F,happy,d,C:\Users\kiran\Desktop\MiniProject\archive (6)EmoDB\wav\08b10Fd,C:\Users\kiran\Desktop\MiniProject\archive (6)EmoDB\wav\08b10Fd.wav
08b10La,8,b10,L,boring,a,C:\Users\kiran\Desktop\MiniProject\archive (6)EmoDB\wav\08b10La,C:\Users\kiran\Desktop\MiniProject\archive (6)EmoDB\wav\08b10La.wav
08b10Nc,8,b10,N,neutral,c,C:\Users\kiran\Desktop\MiniProject\archive (6)EmoDB\wav\08b10Nc,C:\Users\kiran\Desktop\MiniProject\archive (6)EmoDB\wav\08b10Nc.wav
08b10Tc,8,b10,T,sad,c,C:\Users\kiran\Desktop\MiniProject\archive (6)EmoDB\wav\08b10Tc,C:\Users\kiran\Desktop\MiniProject\archive (6)EmoDB\wav\08b10Tc.wav
08b10Wa,8,b10,W,angry,a,C:\Users\kiran\Desktop\MiniProject\archive (6)EmoDB\wav\08b10Wa,C:\Users\kiran\Desktop\MiniProject\archive (6)EmoDB\wav\08b10Wa.wav
09a01Ea,9,a01,E,disgust,a,C:\Users\kiran\Desktop\MiniProject\archive (6)EmoDB\wav\09a01Ea,C:\Users\kiran\Desktop\MiniProject\archive (6)EmoDB\wav\09a01Ea.wav
09a01Fa,9,a01,F,happy,a,C:\Users\kiran\Desktop\MiniProject\archive (6)EmoDB\wav\09a01Fa,C:\Users\kiran\Desktop\MiniProject\archive (6)EmoDB\wav\09a01Fa.wav
09a01Nb,9,a01,N,neutral,b,C:\Users\kiran\Desktop\MiniProject\archive (6)EmoDB\wav\09a01Nb,C:\Users\kiran\Desktop\MiniProject\archive (6)EmoDB\wav\09a01Nb.wav
09a01Wb,9,a01,W,angry,b,C:\Users\kiran\Desktop\MiniProject\archive (6)EmoDB\wav\09a01Wb,C:\Users\kiran\Desktop\MiniProject\archive (6)EmoDB\wav\09a01Wb.wav
09a02Ea,9,a02,E,disgust,a,C:\Users\kiran\Desktop\MiniProject\archive (6)EmoDB\wav\09a02Ea,C:\Users\kiran\Desktop\MiniProject\archive (6)EmoDB\wav\09a02Ea.wav
09a02Eb,9,a02,E,disgust,b,C:\Users\kiran\Desktop\MiniProject\archive (6)EmoDB\wav\09a02Eb,C:\Users\kiran\Desktop\MiniProject\archive (6)EmoDB\wav\09a02Eb.wav
09a02La,9,a02,L,boring,a,C:\Users\kiran\Desktop\MiniProject\archive (6)EmoDB\wav\09a02La,C:\Users\kiran\Desktop\MiniProject\archive (6)EmoDB\wav\09a02La.wav
09a02Wb,9,a02,W,angry,b,C:\Users\kiran\Desktop\MiniProject\archive (6)EmoDB\wav\09a02Wb,C:\Users\kiran\Desktop\MiniProject\archive (6)EmoDB\wav\09a02Wb.wav
09a04Fd,9,a04,F,happy,d,C:\Users\kiran\Desktop\MiniProject\archive (6)EmoDB\wav\09a04Fd,C:\Users\kiran\Desktop\MiniProject\archive (6)EmoDB\wav\09a04Fd.wav
09a04La,9,a04,L,boring,a,C:\Users\kiran\Desktop\MiniProject\archive (6)EmoDB\wav\09a04La,C:\Users\kiran\Desktop\MiniProject\archive (6)EmoDB\wav\09a04La.wav
09a04Nb,9,a04,N,neutral,b,C:\Users\kiran\Desktop\MiniProject\archive (6)EmoDB\wav\09a04Nb,C:\Users\kiran\Desktop\MiniProject\archive (6)EmoDB\wav\09a04Nb.wav
09a04Wa,9,a04,W,angry,a,C:\Users\kiran\Desktop\MiniProject\archive (6)EmoDB\wav\09a04Wa,C:\Users\kiran\Desktop\MiniProject\archive (6)EmoDB\wav\09a04Wa.wav
09a05Ed,9,a05,E,disgust,d,C:\Users\kiran\Desktop\MiniProject\archive (6)EmoDB\wav\09a05Ed,C:\Users\kiran\Desktop\MiniProject\archive (6)EmoDB\wav\09a05Ed.wav
09a05Lc,9,a05,L,boring,c,C:\Users\kiran\Desktop\MiniProject\archive (6)EmoDB\wav\09a05Lc,C:\Users\kiran\Desktop\MiniProject\archive (6)EmoDB\wav\09a05Lc.wav
09a05Nb,9,a05,N,neutral,b,C:\Users\kiran\Desktop\MiniProject\archive (6)EmoDB\wav\09a05Nb,C:\Users\kiran\Desktop\MiniProject\archive (6)EmoDB\wav\09a05Nb.wav
09a05Tb,9,a05,T,sad,b,C:\Users\kiran\Desktop\MiniProject\archive (6)EmoDB\wav\09a05Tb,C:\Users\kiran\Desktop\MiniProject\archive (6)EmoDB\wav\09a05Tb.wav
09a05Wb,9,a05,W,angry,b,C:\Users\kiran\Desktop\MiniProject\archive (6)EmoDB\wav\09a05Wb,C:\Users\kiran\Desktop\MiniProject\archive (6)EmoDB\wav\09a05Wb.wav
09a05Wc,9,a05,W,angry,c,C:\Users\kiran\Desktop\MiniProject\archive (6)EmoDB\wav\09a05Wc,C:\Users\kiran\Desktop\MiniProject\archive (6)EmoDB\wav\09a05Wc.wav
09a07Eb,9,a07,E,disgust,b,C:\Users\kiran\Desktop\MiniProject\archive (6)EmoDB\wav\09a07Eb,C:\Users\kiran\Desktop\MiniProject\archive (6)EmoDB\wav\09a07Eb.wav
09a07Na,9,a07,N,neutral,a,C:\Users\kiran\Desktop\MiniProject\archive (6)EmoDB\wav\09a07Na,C:\Users\kiran\Desktop\MiniProject\archive (6)EmoDB\wav\09a07Na.wav
09a07Ta,9,a07,T,sad,a,C:\Users\kiran\Desktop\MiniProject\archive (6)EmoDB\wav\09a07Ta,C:\Users\kiran\Desktop\MiniProject\archive (6)EmoDB\wav\09a07Ta.wav
09a07Wb,9,a07,W,angry,b,C:\Users\kiran\Desktop\MiniProject\archive (6)EmoDB\wav\09a07Wb,C:\Users\kiran\Desktop\MiniProject\archive (6)EmoDB\wav\09a07Wb.wav
09a07Wd,9,a07,W,angry,d,C:\Users\kiran\Desktop\MiniProject\archive (6)EmoDB\wav\09a07Wd,C:\Users\kiran\Desktop\MiniProject\archive (6)EmoDB\wav\09a07Wd.wav
09b01Ea,9,b01,E,disgust,a,C:\Users\kiran\Desktop\MiniProject\archive (6)EmoDB\wav\09b01Ea,C:\Users\kiran\Desktop\MiniProject\archive (6)EmoDB\wav\09b01Ea.wav
09b01Na,9,b01,N,neutral,a,C:\Users\kiran\Desktop\MiniProject\archive (6)EmoDB\wav\09b01Na,C:\Users\kiran\Desktop\MiniProject\archive (6)EmoDB\wav\09b01Na.wav
09b01Wb,9,b01,W,angry,b,C:\Users\kiran\Desktop\MiniProject\archive (6)EmoDB\wav\09b01Wb,C:\Users\kiran\Desktop\MiniProject\archive (6)EmoDB\wav\09b01Wb.wav
09b02Na,9,b02,N,neutral,a,C:\Users\kiran\Desktop\MiniProject\archive (6)EmoDB\wav\09b02Na,C:\Users\kiran\Desktop\MiniProject\archive (6)EmoDB\wav\09b02Na.wav
09b02Tb,9,b02,T,sad,b,C:\Users\kiran\Desktop\MiniProject\archive (6)EmoDB\wav\09b02Tb,C:\Users\kiran\Desktop\MiniProject\archive (6)EmoDB\wav\09b02Tb.wav
09b02Wc,9,b02,W,angry,c,C:\Users\kiran\Desktop\MiniProject\archive (6)EmoDB\wav\09b02Wc,C:\Users\kiran\Desktop\MiniProject\archive (6)EmoDB\wav\09b02Wc.wav
09b02Wd,9,b02,W,angry,d,C:\Users\kiran\Desktop\MiniProject\archive (6)EmoDB\wav\09b02Wd,C:\Users\kiran\Desktop\MiniProject\archive (6)EmoDB\wav\09b02Wd.wav
09b03Ed,9,b03,E,disgust,d,C:\Users\kiran\Desktop\MiniProject\archive (6)EmoDB\wav\09b03Ed,C:\Users\kiran\Desktop\MiniProject\archive (6)EmoDB\wav\09b03Ed.wav
09b03Fa,9,b03,F,happy,a,C:\Users\kiran\Desktop\MiniProject\archive (6)EmoDB\wav\09b03Fa,C:\Users\kiran\Desktop\MiniProject\archive (6)EmoDB\wav\09b03Fa.wav
09b03Fd,9,b03,F,happy,d,C:\Users\kiran\Desktop\MiniProject\archive (6)EmoDB\wav\09b03Fd,C:\Users\kiran\Desktop\MiniProject\archive (6)EmoDB\wav\09b03Fd.wav
09b03Lb,9,b03,L,boring,b,C:\Users\kiran\Desktop\MiniProject\archive (6)EmoDB\wav\09b03Lb,C:\Users\kiran\Desktop\MiniProject\archive (6)EmoDB\wav\09b03Lb.wav
09b03Nb,9,b03,N,neutral,b,C:\Users\kiran\Desktop\MiniProject\archive (6)EmoDB\wav\09b03Nb,C:\Users\kiran\Desktop\MiniProject\archive (6)EmoDB\wav\09b03Nb.wav
09b03Ta,9,b03,T,sad,a,C:\Users\kiran\Desktop\MiniProject\archive (6)EmoDB\wav\09b03Ta,C:\Users\kiran\Desktop\MiniProject\archive (6)EmoDB\wav\09b03Ta.wav
09b03Wb,9,b03,W,angry,b,C:\Users\kiran\Desktop\MiniProject\archive (6)EmoDB\wav\09b03Wb,C:\Users\kiran\Desktop\MiniProject\archive (6)EmoDB\wav\09b03Wb.wav
09b09Ea,9,b09,E,disgust,a,C:\Users\kiran\Desktop\MiniProject\archive (6)EmoDB\wav\09b09Ea,C:\Users\kiran\Desktop\MiniProject\archive (6)EmoDB\wav\09b09Ea.wav
09b09Nd,9,b09,N,neutral,d,C:\Users\kiran\Desktop\MiniProject\archive (6)EmoDB\wav\09b09Nd,C:\Users\kiran\Desktop\MiniProject\archive (6)EmoDB\wav\09b09Nd.wav
09b09Wa,9,b09,W,angry,a,C:\Users\kiran\Desktop\MiniProject\archive (6)EmoDB\wav\09b09Wa,C:\Users\kiran\Desktop\MiniProject\archive (6)EmoDB\wav\09b09Wa.wav
09b10Aa,9,b10,A,afraid,a,C:\Users\kiran\Desktop\MiniProject\archive (6)EmoDB\wav\09b10Aa,C:\Users\kiran\Desktop\MiniProject\archive (6)EmoDB\wav\09b10Aa.wav
09b10Nd,9,b10,N,neutral,d,C:\Users\kiran\Desktop\MiniProject\archive (6)EmoDB\wav\09b10Nd,C:\Users\kiran\Desktop\MiniProject\archive (6)EmoDB\wav\09b10Nd.wav
09b10Wa,9,b10,W,angry,a,C:\Users\kiran\Desktop\MiniProject\archive (6)EmoDB\wav\09b10Wa,C:\Users\kiran\Desktop\MiniProject\archive (6)EmoDB\wav\09b10Wa.wav
10a01Ac,10,a01,A,afraid,c,C:\Users\kiran\Desktop\MiniProject\archive (6)EmoDB\wav\10a01Ac,C:\Users\kiran\Desktop\MiniProject\archive (6)EmoDB\wav\10a01Ac.wav
10a01Nb,10,a01,N,neutral,b,C:\Users\kiran\Desktop\MiniProject\archive (6)EmoDB\wav\10a01Nb,C:\Users\kiran\Desktop\MiniProject\archive (6)EmoDB\wav\10a01Nb.wav
10a01Wa,10,a01,W,angry,a,C:\Users\kiran\Desktop\MiniProject\archive (6)EmoDB\wav\10a01Wa,C:\Users\kiran\Desktop\MiniProject\archive (6)EmoDB\wav\10a01Wa.wav
10a02Ab,10,a02,A,afraid,b,C:\Users\kiran\Desktop\MiniProject\archive (6)EmoDB\wav\10a02Ab,C:\Users\kiran\Desktop\MiniProject\archive (6)EmoDB\wav\10a02Ab.wav
10a02Fa,10,a02,F,happy,a,C:\Users\kiran\Desktop\MiniProject\archive (6)EmoDB\wav\10a02Fa,C:\Users\kiran\Desktop\MiniProject\archive (6)EmoDB\wav\10a02Fa.wav
10a02Lb,10,a02,L,boring,b,C:\Users\kiran\Desktop\MiniProject\archive (6)EmoDB\wav\10a02Lb,C:\Users\kiran\Desktop\MiniProject\archive (6)EmoDB\wav\10a02Lb.wav
10a02Na,10,a02,N,neutral,a,C:\Users\kiran\Desktop\MiniProject\archive (6)EmoDB\wav\10a02Na,C:\Users\kiran\Desktop\MiniProject\archive (6)EmoDB\wav\10a02Na.wav
10a02Wa,10,a02,W,angry,a,C:\Users\kiran\Desktop\MiniProject\archive (6)EmoDB\wav\10a02Wa,C:\Users\kiran\Desktop\MiniProject\archive (6)EmoDB\wav\10a02Wa.wav
10a04Fd,10,a04,F,happy,d,C:\Users\kiran\Desktop\MiniProject\archive (6)EmoDB\wav\10a04Fd,C:\Users\kiran\Desktop\MiniProject\archive (6)EmoDB\wav\10a04Fd.wav
10a04Nb,10,a04,N,neutral,b,C:\Users\kiran\Desktop\MiniProject\archive (6)EmoDB\wav\10a04Nb,C:\Users\kiran\Desktop\MiniProject\archive (6)EmoDB\wav\10a04Nb.wav
10a04Wa,10,a04,W,angry,a,C:\Users\kiran\Desktop\MiniProject\archive (6)EmoDB\wav\10a04Wa,C:\Users\kiran\Desktop\MiniProject\archive (6)EmoDB\wav\10a04Wa.wav
10a04Wb,10,a04,W,angry,b,C:\Users\kiran\Desktop\MiniProject\archive (6)EmoDB\wav\10a04Wb,C:\Users\kiran\Desktop\MiniProject\archive (6)EmoDB\wav\10a04Wb.wav
10a05Aa,10,a05,A,afraid,a,C:\Users\kiran\Desktop\MiniProject\archive (6)EmoDB\wav\10a05Aa,C:\Users\kiran\Desktop\MiniProject\archive (6)EmoDB\wav\10a05Aa.wav
10a05Ld,10,a05,L,boring,d,C:\Users\kiran\Desktop\MiniProject\archive (6)EmoDB\wav\10a05Ld,C:\Users\kiran\Desktop\MiniProject\archive (6)EmoDB\wav\10a05Ld.wav
10a05Tb,10,a05,T,sad,b,C:\Users\kiran\Desktop\MiniProject\archive (6)EmoDB\wav\10a05Tb,C:\Users\kiran\Desktop\MiniProject\archive (6)EmoDB\wav\10a05Tb.wav
10a05Wb,10,a05,W,angry,b,C:\Users\kiran\Desktop\MiniProject\archive (6)EmoDB\wav\10a05Wb,C:\Users\kiran\Desktop\MiniProject\archive (6)EmoDB\wav\10a05Wb.wav
10a07Aa,10,a07,A,afraid,a,C:\Users\kiran\Desktop\MiniProject\archive (6)EmoDB\wav\10a07Aa,C:\Users\kiran\Desktop\MiniProject\archive (6)EmoDB\wav\10a07Aa.wav
10a07Ad,10,a07,A,afraid,d,C:\Users\kiran\Desktop\MiniProject\archive (6)EmoDB\wav\10a07Ad,C:\Users\kiran\Desktop\MiniProject\archive (6)EmoDB\wav\10a07Ad.wav
10a07La,10,a07,L,boring,a,C:\Users\kiran\Desktop\MiniProject\archive (6)EmoDB\wav\10a07La,C:\Users\kiran\Desktop\MiniProject\archive (6)EmoDB\wav\10a07La.wav
10a07Ta,10,a07,T,sad,a,C:\Users\kiran\Desktop\MiniProject\archive (6)EmoDB\wav\10a07Ta,C:\Users\kiran\Desktop\MiniProject\archive (6)EmoDB\wav\10a07Ta.wav
10a07Wb,10,a07,W,angry,b,C:\Users\kiran\Desktop\MiniProject\archive (6)EmoDB\wav\10a07Wb,C:\Users\kiran\Desktop\MiniProject\archive (6)EmoDB\wav\10a07Wb.wav
10b01Aa,10,b01,A,afraid,a,C:\Users\kiran\Desktop\MiniProject\archive (6)EmoDB\wav\10b01Aa,C:\Users\kiran\Desktop\MiniProject\archive (6)EmoDB\wav\10b01Aa.wav
10b01Ea,10,b01,E,disgust,a,C:\Users\kiran\Desktop\MiniProject\archive (6)EmoDB\wav\10b01Ea,C:\Users\kiran\Desktop\MiniProject\archive (6)EmoDB\wav\10b01Ea.wav
10b01Fa,10,b01,F,happy,a,C:\Users\kiran\Desktop\MiniProject\archive (6)EmoDB\wav\10b01Fa,C:\Users\kiran\Desktop\MiniProject\archive (6)EmoDB\wav\10b01Fa.wav
10b01Lb,10,b01,L,boring,b,C:\Users\kiran\Desktop\MiniProject\archive (6)EmoDB\wav\10b01Lb,C:\Users\kiran\Desktop\MiniProject\archive (6)EmoDB\wav\10b01Lb.wav
10b02Aa,10,b02,A,afraid,a,C:\Users\kiran\Desktop\MiniProject\archive (6)EmoDB\wav\10b02Aa,C:\Users\kiran\Desktop\MiniProject\archive (6)EmoDB\wav\10b02Aa.wav
10b02La,10,b02,L,boring,a,C:\Users\kiran\Desktop\MiniProject\archive (6)EmoDB\wav\10b02La,C:\Users\kiran\Desktop\MiniProject\archive (6)EmoDB\wav\10b02La.wav
10b02Na,10,b02,N,neutral,a,C:\Users\kiran\Desktop\MiniProject\archive (6)EmoDB\wav\10b02Na,C:\Users\kiran\Desktop\MiniProject\archive (6)EmoDB\wav\10b02Na.wav
10b02Wb,10,b02,W,angry,b,C:\Users\kiran\Desktop\MiniProject\archive (6)EmoDB\wav\10b02Wb,C:\Users\kiran\Desktop\MiniProject\archive (6)EmoDB\wav\10b02Wb.wav
10b03La,10,b03,L,boring,a,C:\Users\kiran\Desktop\MiniProject\archive (6)EmoDB\wav\10b03La,C:\Users\kiran\Desktop\MiniProject\archive (6)EmoDB\wav\10b03La.wav
10b03Tb,10,b03,T,sad,b,C:\Users\kiran\Desktop\MiniProject\archive (6)EmoDB\wav\10b03Tb,C:\Users\kiran\Desktop\MiniProject\archive (6)EmoDB\wav\10b03Tb.wav
10b03Wb,10,b03,W,angry,b,C:\Users\kiran\Desktop\MiniProject\archive (6)EmoDB\wav\10b03Wb,C:\Users\kiran\Desktop\MiniProject\archive (6)EmoDB\wav\10b03Wb.wav
10b09Ad,10,b09,A,afraid,d,C:\Users\kiran\Desktop\MiniProject\archive (6)EmoDB\wav\10b09Ad,C:\Users\kiran\Desktop\MiniProject\archive (6)EmoDB\wav\10b09Ad.wav
10b09Lb,10,b09,L,boring,b,C:\Users\kiran\Desktop\MiniProject\archive (6)EmoDB\wav\10b09Lb,C:\Users\kiran\Desktop\MiniProject\archive (6)EmoDB\wav\10b09Lb.wav
10b09Wb,10,b09,W,angry,b,C:\Users\kiran\Desktop\MiniProject\archive (6)EmoDB\wav\10b09Wb,C:\Users\kiran\Desktop\MiniProject\archive (6)EmoDB\wav\10b09Wb.wav
10b10Fc,10,b10,F,happy,c,C:\Users\kiran\Desktop\MiniProject\archive (6)EmoDB\wav\10b10Fc,C:\Users\kiran\Desktop\MiniProject\archive (6)EmoDB\wav\10b10Fc.wav
10b10Lc,10,b10,L,boring,c,C:\Users\kiran\Desktop\MiniProject\archive (6)EmoDB\wav\10b10Lc,C:\Users\kiran\Desktop\MiniProject\archive (6)EmoDB\wav\10b10Lc.wav
10b10Wa,10,b10,W,angry,a,C:\Users\kiran\Desktop\MiniProject\archive (6)EmoDB\wav\10b10Wa,C:\Users\kiran\Desktop\MiniProject\archive (6)EmoDB\wav\10b10Wa.wav
11a01Aa,11,a01,A,afraid,a,C:\Users\kiran\Desktop\MiniProject\archive (6)EmoDB\wav\11a01Aa,C:\Users\kiran\Desktop\MiniProject\archive (6)EmoDB\wav\11a01Aa.wav
11a01Ab,11,a01,A,afraid,b,C:\Users\kiran\Desktop\MiniProject\archive (6)EmoDB\wav\11a01Ab,C:\Users\kiran\Desktop\MiniProject\archive (6)EmoDB\wav\11a01Ab.wav
11a01Ld,11,a01,L,boring,d,C:\Users\kiran\Desktop\MiniProject\archive (6)EmoDB\wav\11a01Ld,C:\Users\kiran\Desktop\MiniProject\archive (6)EmoDB\wav\11a01Ld.wav
11a01Nd,11,a01,N,neutral,d,C:\Users\kiran\Desktop\MiniProject\archive (6)EmoDB\wav\11a01Nd,C:\Users\kiran\Desktop\MiniProject\archive (6)EmoDB\wav\11a01Nd.wav
11a01Wc,11,a01,W,angry,c,C:\Users\kiran\Desktop\MiniProject\archive (6)EmoDB\wav\11a01Wc,C:\Users\kiran\Desktop\MiniProject\archive (6)EmoDB\wav\11a01Wc.wav
11a02Ec,11,a02,E,disgust,c,C:\Users\kiran\Desktop\MiniProject\archive (6)EmoDB\wav\11a02Ec,C:\Users\kiran\Desktop\MiniProject\archive (6)EmoDB\wav\11a02Ec.wav
11a02Fb,11,a02,F,happy,b,C:\Users\kiran\Desktop\MiniProject\archive (6)EmoDB\wav\11a02Fb,C:\Users\kiran\Desktop\MiniProject\archive (6)EmoDB\wav\11a02Fb.wav
11a02Ld,11,a02,L,boring,d,C:\Users\kiran\Desktop\MiniProject\archive (6)EmoDB\wav\11a02Ld,C:\Users\kiran\Desktop\MiniProject\archive (6)EmoDB\wav\11a02Ld.wav
11a02Nc,11,a02,N,neutral,c,C:\Users\kiran\Desktop\MiniProject\archive (6)EmoDB\wav\11a02Nc,C:\Users\kiran\Desktop\MiniProject\archive (6)EmoDB\wav\11a02Nc.wav
11a02Tc,11,a02,T,sad,c,C:\Users\kiran\Desktop\MiniProject\archive (6)EmoDB\wav\11a02Tc,C:\Users\kiran\Desktop\MiniProject\archive (6)EmoDB\wav\11a02Tc.wav
11a02Wc,11,a02,W,angry,c,C:\Users\kiran\Desktop\MiniProject\archive (6)EmoDB\wav\11a02Wc,C:\Users\kiran\Desktop\MiniProject\archive (6)EmoDB\wav\11a02Wc.wav
11a04Ac,11,a04,A,afraid,c,C:\Users\kiran\Desktop\MiniProject\archive (6)EmoDB\wav\11a04Ac,C:\Users\kiran\Desktop\MiniProject\archive (6)EmoDB\wav\11a04Ac.wav
11a04Fd,11,a04,F,happy,d,C:\Users\kiran\Desktop\MiniProject\archive (6)EmoDB\wav\11a04Fd,C:\Users\kiran\Desktop\MiniProject\archive (6)EmoDB\wav\11a04Fd.wav
11a04Nd,11,a04,N,neutral,d,C:\Users\kiran\Desktop\MiniProject\archive (6)EmoDB\wav\11a04Nd,C:\Users\kiran\Desktop\MiniProject\archive (6)EmoDB\wav\11a04Nd.wav
11a04Wc,11,a04,W,angry,c,C:\Users\kiran\Desktop\MiniProject\archive (6)EmoDB\wav\11a04Wc,C:\Users\kiran\Desktop\MiniProject\archive (6)EmoDB\wav\11a04Wc.wav
11a05Ad,11,a05,A,afraid,d,C:\Users\kiran\Desktop\MiniProject\archive (6)EmoDB\wav\11a05Ad,C:\Users\kiran\Desktop\MiniProject\archive (6)EmoDB\wav\11a05Ad.wav
11a05Fb,11,a05,F,happy,b,C:\Users\kiran\Desktop\MiniProject\archive (6)EmoDB\wav\11a05Fb,C:\Users\kiran\Desktop\MiniProject\archive (6)EmoDB\wav\11a05Fb.wav
11a05Fc,11,a05,F,happy,c,C:\Users\kiran\Desktop\MiniProject\archive (6)EmoDB\wav\11a05Fc,C:\Users\kiran\Desktop\MiniProject\archive (6)EmoDB\wav\11a05Fc.wav
11a05Lc,11,a05,L,boring,c,C:\Users\kiran\Desktop\MiniProject\archive (6)EmoDB\wav\11a05Lc,C:\Users\kiran\Desktop\MiniProject\archive (6)EmoDB\wav\11a05Lc.wav
11a05Na,11,a05,N,neutral,a,C:\Users\kiran\Desktop\MiniProject\archive (6)EmoDB\wav\11a05Na,C:\Users\kiran\Desktop\MiniProject\archive (6)EmoDB\wav\11a05Na.wav
11a05Td,11,a05,T,sad,d,C:\Users\kiran\Desktop\MiniProject\archive (6)EmoDB\wav\11a05Td,C:\Users\kiran\Desktop\MiniProject\archive (6)EmoDB\wav\11a05Td.wav
11a05Wd,11,a05,W,angry,d,C:\Users\kiran\Desktop\MiniProject\archive (6)EmoDB\wav\11a05Wd,C:\Users\kiran\Desktop\MiniProject\archive (6)EmoDB\wav\11a05Wd.wav
11a07Ac,11,a07,A,afraid,c,C:\Users\kiran\Desktop\MiniProject\archive (6)EmoDB\wav\11a07Ac,C:\Users\kiran\Desktop\MiniProject\archive (6)EmoDB\wav\11a07Ac.wav
11a07Ld,11,a07,L,boring,d,C:\Users\kiran\Desktop\MiniProject\archive (6)EmoDB\wav\11a07Ld,C:\Users\kiran\Desktop\MiniProject\archive (6)EmoDB\wav\11a07Ld.wav
11a07Ta,11,a07,T,sad,a,C:\Users\kiran\Desktop\MiniProject\archive (6)EmoDB\wav\11a07Ta,C:\Users\kiran\Desktop\MiniProject\archive (6)EmoDB\wav\11a07Ta.wav
11a07Wc,11,a07,W,angry,c,C:\Users\kiran\Desktop\MiniProject\archive (6)EmoDB\wav\11a07Wc,C:\Users\kiran\Desktop\MiniProject\archive (6)EmoDB\wav\11a07Wc.wav
11b01Ab,11,b01,A,afraid,b,C:\Users\kiran\Desktop\MiniProject\archive (6)EmoDB\wav\11b01Ab,C:\Users\kiran\Desktop\MiniProject\archive (6)EmoDB\wav\11b01Ab.wav
11b01Eb,11,b01,E,disgust,b,C:\Users\kiran\Desktop\MiniProject\archive (6)EmoDB\wav\11b01Eb,C:\Users\kiran\Desktop\MiniProject\archive (6)EmoDB\wav\11b01Eb.wav
11b01Fc,11,b01,F,happy,c,C:\Users\kiran\Desktop\MiniProject\archive (6)EmoDB\wav\11b01Fc,C:\Users\kiran\Desktop\MiniProject\archive (6)EmoDB\wav\11b01Fc.wav
11b01Lb,11,b01,L,boring,b,C:\Users\kiran\Desktop\MiniProject\archive (6)EmoDB\wav\11b01Lb,C:\Users\kiran\Desktop\MiniProject\archive (6)EmoDB\wav\11b01Lb.wav
11b01Nc,11,b01,N,neutral,c,C:\Users\kiran\Desktop\MiniProject\archive (6)EmoDB\wav\11b01Nc,C:\Users\kiran\Desktop\MiniProject\archive (6)EmoDB\wav\11b01Nc.wav
11b01Wd,11,b01,W,angry,d,C:\Users\kiran\Desktop\MiniProject\archive (6)EmoDB\wav\11b01Wd,C:\Users\kiran\Desktop\MiniProject\archive (6)EmoDB\wav\11b01Wd.wav
11b02Ab,11,b02,A,afraid,b,C:\Users\kiran\Desktop\MiniProject\archive (6)EmoDB\wav\11b02Ab,C:\Users\kiran\Desktop\MiniProject\archive (6)EmoDB\wav\11b02Ab.wav
11b02Fd,11,b02,F,happy,d,C:\Users\kiran\Desktop\MiniProject\archive (6)EmoDB\wav\11b02Fd,C:\Users\kiran\Desktop\MiniProject\archive (6)EmoDB\wav\11b02Fd.wav
11b02Na,11,b02,N,neutral,a,C:\Users\kiran\Desktop\MiniProject\archive (6)EmoDB\wav\11b02Na,C:\Users\kiran\Desktop\MiniProject\archive (6)EmoDB\wav\11b02Na.wav
11b02Td,11,b02,T,sad,d,C:\Users\kiran\Desktop\MiniProject\archive (6)EmoDB\wav\11b02Td,C:\Users\kiran\Desktop\MiniProject\archive (6)EmoDB\wav\11b02Td.wav
11b02Wb,11,b02,W,angry,b,C:\Users\kiran\Desktop\MiniProject\archive (6)EmoDB\wav\11b02Wb,C:\Users\kiran\Desktop\MiniProject\archive (6)EmoDB\wav\11b02Wb.wav
11b03Fc,11,b03,F,happy,c,C:\Users\kiran\Desktop\MiniProject\archive (6)EmoDB\wav\11b03Fc,C:\Users\kiran\Desktop\MiniProject\archive (6)EmoDB\wav\11b03Fc.wav
11b03Lc,11,b03,L,boring,c,C:\Users\kiran\Desktop\MiniProject\archive (6)EmoDB\wav\11b03Lc,C:\Users\kiran\Desktop\MiniProject\archive (6)EmoDB\wav\11b03Lc.wav
11b03Nb,11,b03,N,neutral,b,C:\Users\kiran\Desktop\MiniProject\archive (6)EmoDB\wav\11b03Nb,C:\Users\kiran\Desktop\MiniProject\archive (6)EmoDB\wav\11b03Nb.wav
11b03Td,11,b03,T,sad,d,C:\Users\kiran\Desktop\MiniProject\archive (6)EmoDB\wav\11b03Td,C:\Users\kiran\Desktop\MiniProject\archive (6)EmoDB\wav\11b03Td.wav
11b03Wa,11,b03,W,angry,a,C:\Users\kiran\Desktop\MiniProject\archive (6)EmoDB\wav\11b03Wa,C:\Users\kiran\Desktop\MiniProject\archive (6)EmoDB\wav\11b03Wa.wav
11b03Wb,11,b03,W,angry,b,C:\Users\kiran\Desktop\MiniProject\archive (6)EmoDB\wav\11b03Wb,C:\Users\kiran\Desktop\MiniProject\archive (6)EmoDB\wav\11b03Wb.wav
11b09Ad,11,b09,A,afraid,d,C:\Users\kiran\Desktop\MiniProject\archive (6)EmoDB\wav\11b09Ad,C:\Users\kiran\Desktop\MiniProject\archive (6)EmoDB\wav\11b09Ad.wav
11b09Fd,11,b09,F,happy,d,C:\Users\kiran\Desktop\MiniProject\archive (6)EmoDB\wav\11b09Fd,C:\Users\kiran\Desktop\MiniProject\archive (6)EmoDB\wav\11b09Fd.wav
11b09Ld,11,b09,L,boring,d,C:\Users\kiran\Desktop\MiniProject\archive (6)EmoDB\wav\11b09Ld,C:\Users\kiran\Desktop\MiniProject\archive (6)EmoDB\wav\11b09Ld.wav
11b09Na,11,b09,N,neutral,a,C:\Users\kiran\Desktop\MiniProject\archive (6)EmoDB\wav\11b09Na,C:\Users\kiran\Desktop\MiniProject\archive (6)EmoDB\wav\11b09Na.wav
11b09Td,11,b09,T,sad,d,C:\Users\kiran\Desktop\MiniProject\archive (6)EmoDB\wav\11b09Td,C:\Users\kiran\Desktop\MiniProject\archive (6)EmoDB\wav\11b09Td.wav
11b09Wa,11,b09,W,angry,a,C:\Users\kiran\Desktop\MiniProject\archive (6)EmoDB\wav\11b09Wa,C:\Users\kiran\Desktop\MiniProject\archive (6)EmoDB\wav\11b09Wa.wav
11b10Ad,11,b10,A,afraid,d,C:\Users\kiran\Desktop\MiniProject\archive (6)EmoDB\wav\11b10Ad,C:\Users\kiran\Desktop\MiniProject\archive (6)EmoDB\wav\11b10Ad.wav
11b10Ae,11,b10,A,afraid,e,C:\Users\kiran\Desktop\MiniProject\archive (6)EmoDB\wav\11b10Ae,C:\Users\kiran\Desktop\MiniProject\archive (6)EmoDB\wav\11b10Ae.wav
11b10Ld,11,b10,L,boring,d,C:\Users\kiran\Desktop\MiniProject\archive (6)EmoDB\wav\11b10Ld,C:\Users\kiran\Desktop\MiniProject\archive (6)EmoDB\wav\11b10Ld.wav
11b10Nc,11,b10,N,neutral,c,C:\Users\kiran\Desktop\MiniProject\archive (6)EmoDB\wav\11b10Nc,C:\Users\kiran\Desktop\MiniProject\archive (6)EmoDB\wav\11b10Nc.wav
11b10Td,11,b10,T,sad,d,C:\Users\kiran\Desktop\MiniProject\archive (6)EmoDB\wav\11b10Td,C:\Users\kiran\Desktop\MiniProject\archive (6)EmoDB\wav\11b10Td.wav
11b10Wa,11,b10,W,angry,a,C:\Users\kiran\Desktop\MiniProject\archive (6)EmoDB\wav\11b10Wa,C:\Users\kiran\Desktop\MiniProject\archive (6)EmoDB\wav\11b10Wa.wav
12a01Fb,12,a01,F,happy,b,C:\Users\kiran\Desktop\MiniProject\archive (6)EmoDB\wav\12a01Fb,C:\Users\kiran\Desktop\MiniProject\archive (6)EmoDB\wav\12a01Fb.wav
12a01Lb,12,a01,L,boring,b,C:\Users\kiran\Desktop\MiniProject\archive (6)EmoDB\wav\12a01Lb,C:\Users\kiran\Desktop\MiniProject\archive (6)EmoDB\wav\12a01Lb.wav
12a01Nb,12,a01,N,neutral,b,C:\Users\kiran\Desktop\MiniProject\archive (6)EmoDB\wav\12a01Nb,C:\Users\kiran\Desktop\MiniProject\archive (6)EmoDB\wav\12a01Nb.wav
12a01Wc,12,a01,W,angry,c,C:\Users\kiran\Desktop\MiniProject\archive (6)EmoDB\wav\12a01Wc,C:\Users\kiran\Desktop\MiniProject\archive (6)EmoDB\wav\12a01Wc.wav
12a02Ac,12,a02,A,afraid,c,C:\Users\kiran\Desktop\MiniProject\archive (6)EmoDB\wav\12a02Ac,C:\Users\kiran\Desktop\MiniProject\archive (6)EmoDB\wav\12a02Ac.wav
12a02Ec,12,a02,E,disgust,c,C:\Users\kiran\Desktop\MiniProject\archive (6)EmoDB\wav\12a02Ec,C:\Users\kiran\Desktop\MiniProject\archive (6)EmoDB\wav\12a02Ec.wav
12a02Nb,12,a02,N,neutral,b,C:\Users\kiran\Desktop\MiniProject\archive (6)EmoDB\wav\12a02Nb,C:\Users\kiran\Desktop\MiniProject\archive (6)EmoDB\wav\12a02Nb.wav
12a02Wa,12,a02,W,angry,a,C:\Users\kiran\Desktop\MiniProject\archive (6)EmoDB\wav\12a02Wa,C:\Users\kiran\Desktop\MiniProject\archive (6)EmoDB\wav\12a02Wa.wav
12a02Wc,12,a02,W,angry,c,C:\Users\kiran\Desktop\MiniProject\archive (6)EmoDB\wav\12a02Wc,C:\Users\kiran\Desktop\MiniProject\archive (6)EmoDB\wav\12a02Wc.wav
12a04Wc,12,a04,W,angry,c,C:\Users\kiran\Desktop\MiniProject\archive (6)EmoDB\wav\12a04Wc,C:\Users\kiran\Desktop\MiniProject\archive (6)EmoDB\wav\12a04Wc.wav
12a05Ab,12,a05,A,afraid,b,C:\Users\kiran\Desktop\MiniProject\archive (6)EmoDB\wav\12a05Ab,C:\Users\kiran\Desktop\MiniProject\archive (6)EmoDB\wav\12a05Ab.wav
12a05Lb,12,a05,L,boring,b,C:\Users\kiran\Desktop\MiniProject\archive (6)EmoDB\wav\12a05Lb,C:\Users\kiran\Desktop\MiniProject\archive (6)EmoDB\wav\12a05Lb.wav
12a05Nd,12,a05,N,neutral,d,C:\Users\kiran\Desktop\MiniProject\archive (6)EmoDB\wav\12a05Nd,C:\Users\kiran\Desktop\MiniProject\archive (6)EmoDB\wav\12a05Nd.wav
12a05Ta,12,a05,T,sad,a,C:\Users\kiran\Desktop\MiniProject\archive (6)EmoDB\wav\12a05Ta,C:\Users\kiran\Desktop\MiniProject\archive (6)EmoDB\wav\12a05Ta.wav
12a05Wb,12,a05,W,angry,b,C:\Users\kiran\Desktop\MiniProject\archive (6)EmoDB\wav\12a05Wb,C:\Users\kiran\Desktop\MiniProject\archive (6)EmoDB\wav\12a05Wb.wav
12a07Ac,12,a07,A,afraid,c,C:\Users\kiran\Desktop\MiniProject\archive (6)EmoDB\wav\12a07Ac,C:\Users\kiran\Desktop\MiniProject\archive (6)EmoDB\wav\12a07Ac.wav
12a07La,12,a07,L,boring,a,C:\Users\kiran\Desktop\MiniProject\archive (6)EmoDB\wav\12a07La,C:\Users\kiran\Desktop\MiniProject\archive (6)EmoDB\wav\12a07La.wav
12a07Wa,12,a07,W,angry,a,C:\Users\kiran\Desktop\MiniProject\archive (6)EmoDB\wav\12a07Wa,C:\Users\kiran\Desktop\MiniProject\archive (6)EmoDB\wav\12a07Wa.wav
12b01Ta,12,b01,T,sad,a,C:\Users\kiran\Desktop\MiniProject\archive (6)EmoDB\wav\12b01Ta,C:\Users\kiran\Desktop\MiniProject\archive (6)EmoDB\wav\12b01Ta.wav
12b01Wa,12,b01,W,angry,a,C:\Users\kiran\Desktop\MiniProject\archive (6)EmoDB\wav\12b01Wa,C:\Users\kiran\Desktop\MiniProject\archive (6)EmoDB\wav\12b01Wa.wav
12b02Ad,12,b02,A,afraid,d,C:\Users\kiran\Desktop\MiniProject\archive (6)EmoDB\wav\12b02Ad,C:\Users\kiran\Desktop\MiniProject\archive (6)EmoDB\wav\12b02Ad.wav
12b02Ea,12,b02,E,disgust,a,C:\Users\kiran\Desktop\MiniProject\archive (6)EmoDB\wav\12b02Ea,C:\Users\kiran\Desktop\MiniProject\archive (6)EmoDB\wav\12b02Ea.wav
12b02Fb,12,b02,F,happy,b,C:\Users\kiran\Desktop\MiniProject\archive (6)EmoDB\wav\12b02Fb,C:\Users\kiran\Desktop\MiniProject\archive (6)EmoDB\wav\12b02Fb.wav
12b02Na,12,b02,N,neutral,a,C:\Users\kiran\Desktop\MiniProject\archive (6)EmoDB\wav\12b02Na,C:\Users\kiran\Desktop\MiniProject\archive (6)EmoDB\wav\12b02Na.wav
12b02Wa,12,b02,W,angry,a,C:\Users\kiran\Desktop\MiniProject\archive (6)EmoDB\wav\12b02Wa,C:\Users\kiran\Desktop\MiniProject\archive (6)EmoDB\wav\12b02Wa.wav
12b02Wb,12,b02,W,angry,b,C:\Users\kiran\Desktop\MiniProject\archive (6)EmoDB\wav\12b02Wb,C:\Users\kiran\Desktop\MiniProject\archive (6)EmoDB\wav\12b02Wb.wav
12b02Wd,12,b02,W,angry,d,C:\Users\kiran\Desktop\MiniProject\archive (6)EmoDB\wav\12b02Wd,C:\Users\kiran\Desktop\MiniProject\archive (6)EmoDB\wav\12b02Wd.wav
12b03La,12,b03,L,boring,a,C:\Users\kiran\Desktop\MiniProject\archive (6)EmoDB\wav\12b03La,C:\Users\kiran\Desktop\MiniProject\archive (6)EmoDB\wav\12b03La.wav
12b03Ta,12,b03,T,sad,a,C:\Users\kiran\Desktop\MiniProject\archive (6)EmoDB\wav\12b03Ta,C:\Users\kiran\Desktop\MiniProject\archive (6)EmoDB\wav\12b03Ta.wav
12b09Ac,12,b09,A,afraid,c,C:\Users\kiran\Desktop\MiniProject\archive (6)EmoDB\wav\12b09Ac,C:\Users\kiran\Desktop\MiniProject\archive (6)EmoDB\wav\12b09Ac.wav
12b09Td,12,b09,T,sad,d,C:\Users\kiran\Desktop\MiniProject\archive (6)EmoDB\wav\12b09Td,C:\Users\kiran\Desktop\MiniProject\archive (6)EmoDB\wav\12b09Td.wav
12b09Wc,12,b09,W,angry,c,C:\Users\kiran\Desktop\MiniProject\archive (6)EmoDB\wav\12b09Wc,C:\Users\kiran\Desktop\MiniProject\archive (6)EmoDB\wav\12b09Wc.wav
12b10Ac,12,b10,A,afraid,c,C:\Users\kiran\Desktop\MiniProject\archive (6)EmoDB\wav\12b10Ac,C:\Users\kiran\Desktop\MiniProject\archive (6)EmoDB\wav\12b10Ac.wav
12b10Ld,12,b10,L,boring,d,C:\Users\kiran\Desktop\MiniProject\archive (6)EmoDB\wav\12b10Ld,C:\Users\kiran\Desktop\MiniProject\archive (6)EmoDB\wav\12b10Ld.wav
12b10Wa,12,b10,W,angry,a,C:\Users\kiran\Desktop\MiniProject\archive (6)EmoDB\wav\12b10Wa,C:\Users\kiran\Desktop\MiniProject\archive (6)EmoDB\wav\12b10Wa.wav
13a01Ac,13,a01,A,afraid,c,C:\Users\kiran\Desktop\MiniProject\archive (6)EmoDB\wav\13a01Ac,C:\Users\kiran\Desktop\MiniProject\archive (6)EmoDB\wav\13a01Ac.wav
13a01Ea,13,a01,E,disgust,a,C:\Users\kiran\Desktop\MiniProject\archive (6)EmoDB\wav\13a01Ea,C:\Users\kiran\Desktop\MiniProject\archive (6)EmoDB\wav\13a01Ea.wav
13a01Ec,13,a01,E,disgust,c,C:\Users\kiran\Desktop\MiniProject\archive (6)EmoDB\wav\13a01Ec,C:\Users\kiran\Desktop\MiniProject\archive (6)EmoDB\wav\13a01Ec.wav
13a01Fd,13,a01,F,happy,d,C:\Users\kiran\Desktop\MiniProject\archive (6)EmoDB\wav\13a01Fd,C:\Users\kiran\Desktop\MiniProject\archive (6)EmoDB\wav\13a01Fd.wav
13a01Lb,13,a01,L,boring,b,C:\Users\kiran\Desktop\MiniProject\archive (6)EmoDB\wav\13a01Lb,C:\Users\kiran\Desktop\MiniProject\archive (6)EmoDB\wav\13a01Lb.wav
13a01Nb,13,a01,N,neutral,b,C:\Users\kiran\Desktop\MiniProject\archive (6)EmoDB\wav\13a01Nb,C:\Users\kiran\Desktop\MiniProject\archive (6)EmoDB\wav\13a01Nb.wav
13a01Wb,13,a01,W,angry,b,C:\Users\kiran\Desktop\MiniProject\archive (6)EmoDB\wav\13a01Wb,C:\Users\kiran\Desktop\MiniProject\archive (6)EmoDB\wav\13a01Wb.wav
13a02Ad,13,a02,A,afraid,d,C:\Users\kiran\Desktop\MiniProject\archive (6)EmoDB\wav\13a02Ad,C:\Users\kiran\Desktop\MiniProject\archive (6)EmoDB\wav\13a02Ad.wav
13a02Ec,13,a02,E,disgust,c,C:\Users\kiran\Desktop\MiniProject\archive (6)EmoDB\wav\13a02Ec,C:\Users\kiran\Desktop\MiniProject\archive (6)EmoDB\wav\13a02Ec.wav
13a02Fa,13,a02,F,happy,a,C:\Users\kiran\Desktop\MiniProject\archive (6)EmoDB\wav\13a02Fa,C:\Users\kiran\Desktop\MiniProject\archive (6)EmoDB\wav\13a02Fa.wav
13a02Lc,13,a02,L,boring,c,C:\Users\kiran\Desktop\MiniProject\archive (6)EmoDB\wav\13a02Lc,C:\Users\kiran\Desktop\MiniProject\archive (6)EmoDB\wav\13a02Lc.wav
13a02Nc,13,a02,N,neutral,c,C:\Users\kiran\Desktop\MiniProject\archive (6)EmoDB\wav\13a02Nc,C:\Users\kiran\Desktop\MiniProject\archive (6)EmoDB\wav\13a02Nc.wav
13a02Ta,13,a02,T,sad,a,C:\Users\kiran\Desktop\MiniProject\archive (6)EmoDB\wav\13a02Ta,C:\Users\kiran\Desktop\MiniProject\archive (6)EmoDB\wav\13a02Ta.wav
13a02Wa,13,a02,W,angry,a,C:\Users\kiran\Desktop\MiniProject\archive (6)EmoDB\wav\13a02Wa,C:\Users\kiran\Desktop\MiniProject\archive (6)EmoDB\wav\13a02Wa.wav
13a04Ac,13,a04,A,afraid,c,C:\Users\kiran\Desktop\MiniProject\archive (6)EmoDB\wav\13a04Ac,C:\Users\kiran\Desktop\MiniProject\archive (6)EmoDB\wav\13a04Ac.wav
13a04Fc,13,a04,F,happy,c,C:\Users\kiran\Desktop\MiniProject\archive (6)EmoDB\wav\13a04Fc,C:\Users\kiran\Desktop\MiniProject\archive (6)EmoDB\wav\13a04Fc.wav
13a04Lb,13,a04,L,boring,b,C:\Users\kiran\Desktop\MiniProject\archive (6)EmoDB\wav\13a04Lb,C:\Users\kiran\Desktop\MiniProject\archive (6)EmoDB\wav\13a04Lb.wav
13a04Ta,13,a04,T,sad,a,C:\Users\kiran\Desktop\MiniProject\archive (6)EmoDB\wav\13a04Ta,C:\Users\kiran\Desktop\MiniProject\archive (6)EmoDB\wav\13a04Ta.wav
13a04Wc,13,a04,W,angry,c,C:\Users\kiran\Desktop\MiniProject\archive (6)EmoDB\wav\13a04Wc,C:\Users\kiran\Desktop\MiniProject\archive (6)EmoDB\wav\13a04Wc.wav
13a05Aa,13,a05,A,afraid,a,C:\Users\kiran\Desktop\MiniProject\archive (6)EmoDB\wav\13a05Aa,C:\Users\kiran\Desktop\MiniProject\archive (6)EmoDB\wav\13a05Aa.wav
13a05Ea,13,a05,E,disgust,a,C:\Users\kiran\Desktop\MiniProject\archive (6)EmoDB\wav\13a05Ea,C:\Users\kiran\Desktop\MiniProject\archive (6)EmoDB\wav\13a05Ea.wav
13a05Lc,13,a05,L,boring,c,C:\Users\kiran\Desktop\MiniProject\archive (6)EmoDB\wav\13a05Lc,C:\Users\kiran\Desktop\MiniProject\archive (6)EmoDB\wav\13a05Lc.wav
13a05Nb,13,a05,N,neutral,b,C:\Users\kiran\Desktop\MiniProject\archive (6)EmoDB\wav\13a05Nb,C:\Users\kiran\Desktop\MiniProject\archive (6)EmoDB\wav\13a05Nb.wav
13a05Tc,13,a05,T,sad,c,C:\Users\kiran\Desktop\MiniProject\archive (6)EmoDB\wav\13a05Tc,C:\Users\kiran\Desktop\MiniProject\archive (6)EmoDB\wav\13a05Tc.wav
13a05Wa,13,a05,W,angry,a,C:\Users\kiran\Desktop\MiniProject\archive (6)EmoDB\wav\13a05Wa,C:\Users\kiran\Desktop\MiniProject\archive (6)EmoDB\wav\13a05Wa.wav
13a05Wc,13,a05,W,angry,c,C:\Users\kiran\Desktop\MiniProject\archive (6)EmoDB\wav\13a05Wc,C:\Users\kiran\Desktop\MiniProject\archive (6)EmoDB\wav\13a05Wc.wav
13a07Fd,13,a07,F,happy,d,C:\Users\kiran\Desktop\MiniProject\archive (6)EmoDB\wav\13a07Fd,C:\Users\kiran\Desktop\MiniProject\archive (6)EmoDB\wav\13a07Fd.wav
13a07Lb,13,a07,L,boring,b,C:\Users\kiran\Desktop\MiniProject\archive (6)EmoDB\wav\13a07Lb,C:\Users\kiran\Desktop\MiniProject\archive (6)EmoDB\wav\13a07Lb.wav
13a07Na,13,a07,N,neutral,a,C:\Users\kiran\Desktop\MiniProject\archive (6)EmoDB\wav\13a07Na,C:\Users\kiran\Desktop\MiniProject\archive (6)EmoDB\wav\13a07Na.wav
13a07Tc,13,a07,T,sad,c,C:\Users\kiran\Desktop\MiniProject\archive (6)EmoDB\wav\13a07Tc,C:\Users\kiran\Desktop\MiniProject\archive (6)EmoDB\wav\13a07Tc.wav
13a07Wb,13,a07,W,angry,b,C:\Users\kiran\Desktop\MiniProject\archive (6)EmoDB\wav\13a07Wb,C:\Users\kiran\Desktop\MiniProject\archive (6)EmoDB\wav\13a07Wb.wav
13b01Ab,13,b01,A,afraid,b,C:\Users\kiran\Desktop\MiniProject\archive (6)EmoDB\wav\13b01Ab,C:\Users\kiran\Desktop\MiniProject\archive (6)EmoDB\wav\13b01Ab.wav
13b01Ec,13,b01,E,disgust,c,C:\Users\kiran\Desktop\MiniProject\archive (6)EmoDB\wav\13b01Ec,C:\Users\kiran\Desktop\MiniProject\archive (6)EmoDB\wav\13b01Ec.wav
13b01Fc,13,b01,F,happy,c,C:\Users\kiran\Desktop\MiniProject\archive (6)EmoDB\wav\13b01Fc,C:\Users\kiran\Desktop\MiniProject\archive (6)EmoDB\wav\13b01Fc.wav
13b01Ld,13,b01,L,boring,d,C:\Users\kiran\Desktop\MiniProject\archive (6)EmoDB\wav\13b01Ld,C:\Users\kiran\Desktop\MiniProject\archive (6)EmoDB\wav\13b01Ld.wav
13b01Nc,13,b01,N,neutral,c,C:\Users\kiran\Desktop\MiniProject\archive (6)EmoDB\wav\13b01Nc,C:\Users\kiran\Desktop\MiniProject\archive (6)EmoDB\wav\13b01Nc.wav
13b01Wa,13,b01,W,angry,a,C:\Users\kiran\Desktop\MiniProject\archive (6)EmoDB\wav\13b01Wa,C:\Users\kiran\Desktop\MiniProject\archive (6)EmoDB\wav\13b01Wa.wav
13b02Fb,13,b02,F,happy,b,C:\Users\kiran\Desktop\MiniProject\archive (6)EmoDB\wav\13b02Fb,C:\Users\kiran\Desktop\MiniProject\archive (6)EmoDB\wav\13b02Fb.wav
13b02Lc,13,b02,L,boring,c,C:\Users\kiran\Desktop\MiniProject\archive (6)EmoDB\wav\13b02Lc,C:\Users\kiran\Desktop\MiniProject\archive (6)EmoDB\wav\13b02Lc.wav
13b02Nb,13,b02,N,neutral,b,C:\Users\kiran\Desktop\MiniProject\archive (6)EmoDB\wav\13b02Nb,C:\Users\kiran\Desktop\MiniProject\archive (6)EmoDB\wav\13b02Nb.wav
13b02Wa,13,b02,W,angry,a,C:\Users\kiran\Desktop\MiniProject\archive (6)EmoDB\wav\13b02Wa,C:\Users\kiran\Desktop\MiniProject\archive (6)EmoDB\wav\13b02Wa.wav
13b03Ac,13,b03,A,afraid,c,C:\Users\kiran\Desktop\MiniProject\archive (6)EmoDB\wav\13b03Ac,C:\Users\kiran\Desktop\MiniProject\archive (6)EmoDB\wav\13b03Ac.wav
13b03Ed,13,b03,E,disgust,d,C:\Users\kiran\Desktop\MiniProject\archive (6)EmoDB\wav\13b03Ed,C:\Users\kiran\Desktop\MiniProject\archive (6)EmoDB\wav\13b03Ed.wav
13b03Fd,13,b03,F,happy,d,C:\Users\kiran\Desktop\MiniProject\archive (6)EmoDB\wav\13b03Fd,C:\Users\kiran\Desktop\MiniProject\archive (6)EmoDB\wav\13b03Fd.wav
13b03Lb,13,b03,L,boring,b,C:\Users\kiran\Desktop\MiniProject\archive (6)EmoDB\wav\13b03Lb,C:\Users\kiran\Desktop\MiniProject\archive (6)EmoDB\wav\13b03Lb.wav
13b03Na,13,b03,N,neutral,a,C:\Users\kiran\Desktop\MiniProject\archive (6)EmoDB\wav\13b03Na,C:\Users\kiran\Desktop\MiniProject\archive (6)EmoDB\wav\13b03Na.wav
13b03Td,13,b03,T,sad,d,C:\Users\kiran\Desktop\MiniProject\archive (6)EmoDB\wav\13b03Td,C:\Users\kiran\Desktop\MiniProject\archive (6)EmoDB\wav\13b03Td.wav
13b03Wc,13,b03,W,angry,c,C:\Users\kiran\Desktop\MiniProject\archive (6)EmoDB\wav\13b03Wc,C:\Users\kiran\Desktop\MiniProject\archive (6)EmoDB\wav\13b03Wc.wav
13b09Ab,13,b09,A,afraid,b,C:\Users\kiran\Desktop\MiniProject\archive (6)EmoDB\wav\13b09Ab,C:\Users\kiran\Desktop\MiniProject\archive (6)EmoDB\wav\13b09Ab.wav
13b09Ec,13,b09,E,disgust,c,C:\Users\kiran\Desktop\MiniProject\archive (6)EmoDB\wav\13b09Ec,C:\Users\kiran\Desktop\MiniProject\archive (6)EmoDB\wav\13b09Ec.wav
13b09Fb,13,b09,F,happy,b,C:\Users\kiran\Desktop\MiniProject\archive (6)EmoDB\wav\13b09Fb,C:\Users\kiran\Desktop\MiniProject\archive (6)EmoDB\wav\13b09Fb.wav
13b09Fc,13,b09,F,happy,c,C:\Users\kiran\Desktop\MiniProject\archive (6)EmoDB\wav\13b09Fc,C:\Users\kiran\Desktop\MiniProject\archive (6)EmoDB\wav\13b09Fc.wav
13b09La,13,b09,L,boring,a,C:\Users\kiran\Desktop\MiniProject\archive (6)EmoDB\wav\13b09La,C:\Users\kiran\Desktop\MiniProject\archive (6)EmoDB\wav\13b09La.wav
13b09Na,13,b09,N,neutral,a,C:\Users\kiran\Desktop\MiniProject\archive (6)EmoDB\wav\13b09Na,C:\Users\kiran\Desktop\MiniProject\archive (6)EmoDB\wav\13b09Na.wav
13b09Wa,13,b09,W,angry,a,C:\Users\kiran\Desktop\MiniProject\archive (6)EmoDB\wav\13b09Wa,C:\Users\kiran\Desktop\MiniProject\archive (6)EmoDB\wav\13b09Wa.wav
13b10Ec,13,b10,E,disgust,c,C:\Users\kiran\Desktop\MiniProject\archive (6)EmoDB\wav\13b10Ec,C:\Users\kiran\Desktop\MiniProject\archive (6)EmoDB\wav\13b10Ec.wav
13b10Fa,13,b10,F,happy,a,C:\Users\kiran\Desktop\MiniProject\archive (6)EmoDB\wav\13b10Fa,C:\Users\kiran\Desktop\MiniProject\archive (6)EmoDB\wav\13b10Fa.wav
13b10La,13,b10,L,boring,a,C:\Users\kiran\Desktop\MiniProject\archive (6)EmoDB\wav\13b10La,C:\Users\kiran\Desktop\MiniProject\archive (6)EmoDB\wav\13b10La.wav
13b10Nc,13,b10,N,neutral,c,C:\Users\kiran\Desktop\MiniProject\archive (6)EmoDB\wav\13b10Nc,C:\Users\kiran\Desktop\MiniProject\archive (6)EmoDB\wav\13b10Nc.wav
13b10Wa,13,b10,W,angry,a,C:\Users\kiran\Desktop\MiniProject\archive (6)EmoDB\wav\13b10Wa,C:\Users\kiran\Desktop\MiniProject\archive (6)EmoDB\wav\13b10Wa.wav
13b10Wc,13,b10,W,angry,c,C:\Users\kiran\Desktop\MiniProject\archive (6)EmoDB\wav\13b10Wc,C:\Users\kiran\Desktop\MiniProject\archive (6)EmoDB\wav\13b10Wc.wav
14a01Aa,14,a01,A,afraid,a,C:\Users\kiran\Desktop\MiniProject\archive (6)EmoDB\wav\14a01Aa,C:\Users\kiran\Desktop\MiniProject\archive (6)EmoDB\wav\14a01Aa.wav
14a01Ac,14,a01,A,afraid,c,C:\Users\kiran\Desktop\MiniProject\archive (6)EmoDB\wav\14a01Ac,C:\Users\kiran\Desktop\MiniProject\archive (6)EmoDB\wav\14a01Ac.wav
14a01Ea,14,a01,E,disgust,a,C:\Users\kiran\Desktop\MiniProject\archive (6)EmoDB\wav\14a01Ea,C:\Users\kiran\Desktop\MiniProject\archive (6)EmoDB\wav\14a01Ea.wav
14a01Na,14,a01,N,neutral,a,C:\Users\kiran\Desktop\MiniProject\archive (6)EmoDB\wav\14a01Na,C:\Users\kiran\Desktop\MiniProject\archive (6)EmoDB\wav\14a01Na.wav
14a01Wa,14,a01,W,angry,a,C:\Users\kiran\Desktop\MiniProject\archive (6)EmoDB\wav\14a01Wa,C:\Users\kiran\Desktop\MiniProject\archive (6)EmoDB\wav\14a01Wa.wav
14a01Wc,14,a01,W,angry,c,C:\Users\kiran\Desktop\MiniProject\archive (6)EmoDB\wav\14a01Wc,C:\Users\kiran\Desktop\MiniProject\archive (6)EmoDB\wav\14a01Wc.wav
14a02Ab,14,a02,A,afraid,b,C:\Users\kiran\Desktop\MiniProject\archive (6)EmoDB\wav\14a02Ab,C:\Users\kiran\Desktop\MiniProject\archive (6)EmoDB\wav\14a02Ab.wav
14a02Ea,14,a02,E,disgust,a,C:\Users\kiran\Desktop\MiniProject\archive (6)EmoDB\wav\14a02Ea,C:\Users\kiran\Desktop\MiniProject\archive (6)EmoDB\wav\14a02Ea.wav
14a02Fd,14,a02,F,happy,d,C:\Users\kiran\Desktop\MiniProject\archive (6)EmoDB\wav\14a02Fd,C:\Users\kiran\Desktop\MiniProject\archive (6)EmoDB\wav\14a02Fd.wav
14a02La,14,a02,L,boring,a,C:\Users\kiran\Desktop\MiniProject\archive (6)EmoDB\wav\14a02La,C:\Users\kiran\Desktop\MiniProject\archive (6)EmoDB\wav\14a02La.wav
14a02Nc,14,a02,N,neutral,c,C:\Users\kiran\Desktop\MiniProject\archive (6)EmoDB\wav\14a02Nc,C:\Users\kiran\Desktop\MiniProject\archive (6)EmoDB\wav\14a02Nc.wav
14a02Tb,14,a02,T,sad,b,C:\Users\kiran\Desktop\MiniProject\archive (6)EmoDB\wav\14a02Tb,C:\Users\kiran\Desktop\MiniProject\archive (6)EmoDB\wav\14a02Tb.wav
14a02Wa,14,a02,W,angry,a,C:\Users\kiran\Desktop\MiniProject\archive (6)EmoDB\wav\14a02Wa,C:\Users\kiran\Desktop\MiniProject\archive (6)EmoDB\wav\14a02Wa.wav
14a02Wc,14,a02,W,angry,c,C:\Users\kiran\Desktop\MiniProject\archive (6)EmoDB\wav\14a02Wc,C:\Users\kiran\Desktop\MiniProject\archive (6)EmoDB\wav\14a02Wc.wav
14a04Aa,14,a04,A,afraid,a,C:\Users\kiran\Desktop\MiniProject\archive (6)EmoDB\wav\14a04Aa,C:\Users\kiran\Desktop\MiniProject\archive (6)EmoDB\wav\14a04Aa.wav
14a04Ed,14,a04,E,disgust,d,C:\Users\kiran\Desktop\MiniProject\archive (6)EmoDB\wav\14a04Ed,C:\Users\kiran\Desktop\MiniProject\archive (6)EmoDB\wav\14a04Ed.wav
14a04Lb,14,a04,L,boring,b,C:\Users\kiran\Desktop\MiniProject\archive (6)EmoDB\wav\14a04Lb,C:\Users\kiran\Desktop\MiniProject\archive (6)EmoDB\wav\14a04Lb.wav
14a04Tb,14,a04,T,sad,b,C:\Users\kiran\Desktop\MiniProject\archive (6)EmoDB\wav\14a04Tb,C:\Users\kiran\Desktop\MiniProject\archive (6)EmoDB\wav\14a04Tb.wav
14a04Tc,14,a04,T,sad,c,C:\Users\kiran\Desktop\MiniProject\archive (6)EmoDB\wav\14a04Tc,C:\Users\kiran\Desktop\MiniProject\archive (6)EmoDB\wav\14a04Tc.wav
14a04Wb,14,a04,W,angry,b,C:\Users\kiran\Desktop\MiniProject\archive (6)EmoDB\wav\14a04Wb,C:\Users\kiran\Desktop\MiniProject\archive (6)EmoDB\wav\14a04Wb.wav
14a04Wc,14,a04,W,angry,c,C:\Users\kiran\Desktop\MiniProject\archive (6)EmoDB\wav\14a04Wc,C:\Users\kiran\Desktop\MiniProject\archive (6)EmoDB\wav\14a04Wc.wav
14a05Aa,14,a05,A,afraid,a,C:\Users\kiran\Desktop\MiniProject\archive (6)EmoDB\wav\14a05Aa,C:\Users\kiran\Desktop\MiniProject\archive (6)EmoDB\wav\14a05Aa.wav
14a05Ac,14,a05,A,afraid,c,C:\Users\kiran\Desktop\MiniProject\archive (6)EmoDB\wav\14a05Ac,C:\Users\kiran\Desktop\MiniProject\archive (6)EmoDB\wav\14a05Ac.wav
14a05Fa,14,a05,F,happy,a,C:\Users\kiran\Desktop\MiniProject\archive (6)EmoDB\wav\14a05Fa,C:\Users\kiran\Desktop\MiniProject\archive (6)EmoDB\wav\14a05Fa.wav
14a05Fb,14,a05,F,happy,b,C:\Users\kiran\Desktop\MiniProject\archive (6)EmoDB\wav\14a05Fb,C:\Users\kiran\Desktop\MiniProject\archive (6)EmoDB\wav\14a05Fb.wav
14a05Lb,14,a05,L,boring,b,C:\Users\kiran\Desktop\MiniProject\archive (6)EmoDB\wav\14a05Lb,C:\Users\kiran\Desktop\MiniProject\archive (6)EmoDB\wav\14a05Lb.wav
14a05Na,14,a05,N,neutral,a,C:\Users\kiran\Desktop\MiniProject\archive (6)EmoDB\wav\14a05Na,C:\Users\kiran\Desktop\MiniProject\archive (6)EmoDB\wav\14a05Na.wav
14a05Ta,14,a05,T,sad,a,C:\Users\kiran\Desktop\MiniProject\archive (6)EmoDB\wav\14a05Ta,C:\Users\kiran\Desktop\MiniProject\archive (6)EmoDB\wav\14a05Ta.wav
14a05Tc,14,a05,T,sad,c,C:\Users\kiran\Desktop\MiniProject\archive (6)EmoDB\wav\14a05Tc,C:\Users\kiran\Desktop\MiniProject\archive (6)EmoDB\wav\14a05Tc.wav
14a05Wa,14,a05,W,angry,a,C:\Users\kiran\Desktop\MiniProject\archive (6)EmoDB\wav\14a05Wa,C:\Users\kiran\Desktop\MiniProject\archive (6)EmoDB\wav\14a05Wa.wav
14a05Wb,14,a05,W,angry,b,C:\Users\kiran\Desktop\MiniProject\archive (6)EmoDB\wav\14a05Wb,C:\Users\kiran\Desktop\MiniProject\archive (6)EmoDB\wav\14a05Wb.wav
14a07Aa,14,a07,A,afraid,a,C:\Users\kiran\Desktop\MiniProject\archive (6)EmoDB\wav\14a07Aa,C:\Users\kiran\Desktop\MiniProject\archive (6)EmoDB\wav\14a07Aa.wav
14a07Eb,14,a07,E,disgust,b,C:\Users\kiran\Desktop\MiniProject\archive (6)EmoDB\wav\14a07Eb,C:\Users\kiran\Desktop\MiniProject\archive (6)EmoDB\wav\14a07Eb.wav
14a07Fd,14,a07,F,happy,d,C:\Users\kiran\Desktop\MiniProject\archive (6)EmoDB\wav\14a07Fd,C:\Users\kiran\Desktop\MiniProject\archive (6)EmoDB\wav\14a07Fd.wav
14a07Lc,14,a07,L,boring,c,C:\Users\kiran\Desktop\MiniProject\archive (6)EmoDB\wav\14a07Lc,C:\Users\kiran\Desktop\MiniProject\archive (6)EmoDB\wav\14a07Lc.wav
14a07Ld,14,a07,L,boring,d,C:\Users\kiran\Desktop\MiniProject\archive (6)EmoDB\wav\14a07Ld,C:\Users\kiran\Desktop\MiniProject\archive (6)EmoDB\wav\14a07Ld.wav
14a07Na,14,a07,N,neutral,a,C:\Users\kiran\Desktop\MiniProject\archive (6)EmoDB\wav\14a07Na,C:\Users\kiran\Desktop\MiniProject\archive (6)EmoDB\wav\14a07Na.wav
14a07Tc,14,a07,T,sad,c,C:\Users\kiran\Desktop\MiniProject\archive (6)EmoDB\wav\14a07Tc,C:\Users\kiran\Desktop\MiniProject\archive (6)EmoDB\wav\14a07Tc.wav
14a07Wc,14,a07,W,angry,c,C:\Users\kiran\Desktop\MiniProject\archive (6)EmoDB\wav\14a07Wc,C:\Users\kiran\Desktop\MiniProject\archive (6)EmoDB\wav\14a07Wc.wav
14b01Ac,14,b01,A,afraid,c,C:\Users\kiran\Desktop\MiniProject\archive (6)EmoDB\wav\14b01Ac,C:\Users\kiran\Desktop\MiniProject\archive (6)EmoDB\wav\14b01Ac.wav
14b01Eb,14,b01,E,disgust,b,C:\Users\kiran\Desktop\MiniProject\archive (6)EmoDB\wav\14b01Eb,C:\Users\kiran\Desktop\MiniProject\archive (6)EmoDB\wav\14b01Eb.wav
14b01Fa,14,b01,F,happy,a,C:\Users\kiran\Desktop\MiniProject\archive (6)EmoDB\wav\14b01Fa,C:\Users\kiran\Desktop\MiniProject\archive (6)EmoDB\wav\14b01Fa.wav
14b01Fc,14,b01,F,happy,c,C:\Users\kiran\Desktop\MiniProject\archive (6)EmoDB\wav\14b01Fc,C:\Users\kiran\Desktop\MiniProject\archive (6)EmoDB\wav\14b01Fc.wav
14b01Na,14,b01,N,neutral,a,C:\Users\kiran\Desktop\MiniProject\archive (6)EmoDB\wav\14b01Na,C:\Users\kiran\Desktop\MiniProject\archive (6)EmoDB\wav\14b01Na.wav
14b01Wc,14,b01,W,angry,c,C:\Users\kiran\Desktop\MiniProject\archive (6)EmoDB\wav\14b01Wc,C:\Users\kiran\Desktop\MiniProject\archive (6)EmoDB\wav\14b01Wc.wav
14b02Aa,14,b02,A,afraid,a,C:\Users\kiran\Desktop\MiniProject\archive (6)EmoDB\wav\14b02Aa,C:\Users\kiran\Desktop\MiniProject\archive (6)EmoDB\wav\14b02Aa.wav
14b02Fb,14,b02,F,happy,b,C:\Users\kiran\Desktop\MiniProject\archive (6)EmoDB\wav\14b02Fb,C:\Users\kiran\Desktop\MiniProject\archive (6)EmoDB\wav\14b02Fb.wav
14b02Na,14,b02,N,neutral,a,C:\Users\kiran\Desktop\MiniProject\archive (6)EmoDB\wav\14b02Na,C:\Users\kiran\Desktop\MiniProject\archive (6)EmoDB\wav\14b02Na.wav
14b02Tc,14,b02,T,sad,c,C:\Users\kiran\Desktop\MiniProject\archive (6)EmoDB\wav\14b02Tc,C:\Users\kiran\Desktop\MiniProject\archive (6)EmoDB\wav\14b02Tc.wav
14b02Wb,14,b02,W,angry,b,C:\Users\kiran\Desktop\MiniProject\archive (6)EmoDB\wav\14b02Wb,C:\Users\kiran\Desktop\MiniProject\archive (6)EmoDB\wav\14b02Wb.wav
14b02Wd,14,b02,W,angry,d,C:\Users\kiran\Desktop\MiniProject\archive (6)EmoDB\wav\14b02Wd,C:\Users\kiran\Desktop\MiniProject\archive (6)EmoDB\wav\14b02Wd.wav
14b03Ad,14,b03,A,afraid,d,C:\Users\kiran\Desktop\MiniProject\archive (6)EmoDB\wav\14b03Ad,C:\Users\kiran\Desktop\MiniProject\archive (6)EmoDB\wav\14b03Ad.wav
14b03Ed,14,b03,E,disgust,d,C:\Users\kiran\Desktop\MiniProject\archive (6)EmoDB\wav\14b03Ed,C:\Users\kiran\Desktop\MiniProject\archive (6)EmoDB\wav\14b03Ed.wav
14b03Lb,14,b03,L,boring,b,C:\Users\kiran\Desktop\MiniProject\archive (6)EmoDB\wav\14b03Lb,C:\Users\kiran\Desktop\MiniProject\archive (6)EmoDB\wav\14b03Lb.wav
14b03Ta,14,b03,T,sad,a,C:\Users\kiran\Desktop\MiniProject\archive (6)EmoDB\wav\14b03Ta,C:\Users\kiran\Desktop\MiniProject\archive (6)EmoDB\wav\14b03Ta.wav
14b03Wb,14,b03,W,angry,b,C:\Users\kiran\Desktop\MiniProject\archive (6)EmoDB\wav\14b03Wb,C:\Users\kiran\Desktop\MiniProject\archive (6)EmoDB\wav\14b03Wb.wav
14b09Ac,14,b09,A,afraid,c,C:\Users\kiran\Desktop\MiniProject\archive (6)EmoDB\wav\14b09Ac,C:\Users\kiran\Desktop\MiniProject\archive (6)EmoDB\wav\14b09Ac.wav
14b09Ea,14,b09,E,disgust,a,C:\Users\kiran\Desktop\MiniProject\archive (6)EmoDB\wav\14b09Ea,C:\Users\kiran\Desktop\MiniProject\archive (6)EmoDB\wav\14b09Ea.wav
14b09Fc,14,b09,F,happy,c,C:\Users\kiran\Desktop\MiniProject\archive (6)EmoDB\wav\14b09Fc,C:\Users\kiran\Desktop\MiniProject\archive (6)EmoDB\wav\14b09Fc.wav
14b09Lb,14,b09,L,boring,b,C:\Users\kiran\Desktop\MiniProject\archive (6)EmoDB\wav\14b09Lb,C:\Users\kiran\Desktop\MiniProject\archive (6)EmoDB\wav\14b09Lb.wav
14b09Td,14,b09,T,sad,d,C:\Users\kiran\Desktop\MiniProject\archive (6)EmoDB\wav\14b09Td,C:\Users\kiran\Desktop\MiniProject\archive (6)EmoDB\wav\14b09Td.wav
14b09Wa,14,b09,W,angry,a,C:\Users\kiran\Desktop\MiniProject\archive (6)EmoDB\wav\14b09Wa,C:\Users\kiran\Desktop\MiniProject\archive (6)EmoDB\wav\14b09Wa.wav
14b09Wc,14,b09,W,angry,c,C:\Users\kiran\Desktop\MiniProject\archive (6)EmoDB\wav\14b09Wc,C:\Users\kiran\Desktop\MiniProject\archive (6)EmoDB\wav\14b09Wc.wav
14b10Ad,14,b10,A,afraid,d,C:\Users\kiran\Desktop\MiniProject\archive (6)EmoDB\wav\14b10Ad,C:\Users\kiran\Desktop\MiniProject\archive (6)EmoDB\wav\14b10Ad.wav
14b10Eb,14,b10,E,disgust,b,C:\Users\kiran\Desktop\MiniProject\archive (6)EmoDB\wav\14b10Eb,C:\Users\kiran\Desktop\MiniProject\archive (6)EmoDB\wav\14b10Eb.wav
14b10Lb,14,b10,L,boring,b,C:\Users\kiran\Desktop\MiniProject\archive (6)EmoDB\wav\14b10Lb,C:\Users\kiran\Desktop\MiniProject\archive (6)EmoDB\wav\14b10Lb.wav
14b10Nb,14,b10,N,neutral,b,C:\Users\kiran\Desktop\MiniProject\archive (6)EmoDB\wav\14b10Nb,C:\Users\kiran\Desktop\MiniProject\archive (6)EmoDB\wav\14b10Nb.wav
14b10Tc,14,b10,T,sad,c,C:\Users\kiran\Desktop\MiniProject\archive (6)EmoDB\wav\14b10Tc,C:\Users\kiran\Desktop\MiniProject\archive (6)EmoDB\wav\14b10Tc.wav
14b10Wc,14,b10,W,angry,c,C:\Users\kiran\Desktop\MiniProject\archive (6)EmoDB\wav\14b10Wc,C:\Users\kiran\Desktop\MiniProject\archive (6)EmoDB\wav\14b10Wc.wav
15a01Ea,15,a01,E,disgust,a,C:\Users\kiran\Desktop\MiniProject\archive (6)EmoDB\wav\15a01Ea,C:\Users\kiran\Desktop\MiniProject\archive (6)EmoDB\wav\15a01Ea.wav
15a01Fb,15,a01,F,happy,b,C:\Users\kiran\Desktop\MiniProject\archive (6)EmoDB\wav\15a01Fb,C:\Users\kiran\Desktop\MiniProject\archive (6)EmoDB\wav\15a01Fb.wav
15a01La,15,a01,L,boring,a,C:\Users\kiran\Desktop\MiniProject\archive (6)EmoDB\wav\15a01La,C:\Users\kiran\Desktop\MiniProject\archive (6)EmoDB\wav\15a01La.wav
15a01Nb,15,a01,N,neutral,b,C:\Users\kiran\Desktop\MiniProject\archive (6)EmoDB\wav\15a01Nb,C:\Users\kiran\Desktop\MiniProject\archive (6)EmoDB\wav\15a01Nb.wav
15a01Wa,15,a01,W,angry,a,C:\Users\kiran\Desktop\MiniProject\archive (6)EmoDB\wav\15a01Wa,C:\Users\kiran\Desktop\MiniProject\archive (6)EmoDB\wav\15a01Wa.wav
15a02Ac,15,a02,A,afraid,c,C:\Users\kiran\Desktop\MiniProject\archive (6)EmoDB\wav\15a02Ac,C:\Users\kiran\Desktop\MiniProject\archive (6)EmoDB\wav\15a02Ac.wav
15a02Ea,15,a02,E,disgust,a,C:\Users\kiran\Desktop\MiniProject\archive (6)EmoDB\wav\15a02Ea,C:\Users\kiran\Desktop\MiniProject\archive (6)EmoDB\wav\15a02Ea.wav
15a02La,15,a02,L,boring,a,C:\Users\kiran\Desktop\MiniProject\archive (6)EmoDB\wav\15a02La,C:\Users\kiran\Desktop\MiniProject\archive (6)EmoDB\wav\15a02La.wav
15a02Na,15,a02,N,neutral,a,C:\Users\kiran\Desktop\MiniProject\archive (6)EmoDB\wav\15a02Na,C:\Users\kiran\Desktop\MiniProject\archive (6)EmoDB\wav\15a02Na.wav
15a02Ta,15,a02,T,sad,a,C:\Users\kiran\Desktop\MiniProject\archive (6)EmoDB\wav\15a02Ta,C:\Users\kiran\Desktop\MiniProject\archive (6)EmoDB\wav\15a02Ta.wav
15a02Wb,15,a02,W,angry,b,C:\Users\kiran\Desktop\MiniProject\archive (6)EmoDB\wav\15a02Wb,C:\Users\kiran\Desktop\MiniProject\archive (6)EmoDB\wav\15a02Wb.wav
15a02Wd,15,a02,W,angry,d,C:\Users\kiran\Desktop\MiniProject\archive (6)EmoDB\wav\15a02Wd,C:\Users\kiran\Desktop\MiniProject\archive (6)EmoDB\wav\15a02Wd.wav
15a04Ab,15,a04,A,afraid,b,C:\Users\kiran\Desktop\MiniProject\archive (6)EmoDB\wav\15a04Ab,C:\Users\kiran\Desktop\MiniProject\archive (6)EmoDB\wav\15a04Ab.wav
15a04Ac,15,a04,A,afraid,c,C:\Users\kiran\Desktop\MiniProject\archive (6)EmoDB\wav\15a04Ac,C:\Users\kiran\Desktop\MiniProject\archive (6)EmoDB\wav\15a04Ac.wav
15a04Fd,15,a04,F,happy,d,C:\Users\kiran\Desktop\MiniProject\archive (6)EmoDB\wav\15a04Fd,C:\Users\kiran\Desktop\MiniProject\archive (6)EmoDB\wav\15a04Fd.wav
15a04Nc,15,a04,N,neutral,c,C:\Users\kiran\Desktop\MiniProject\archive (6)EmoDB\wav\15a04Nc,C:\Users\kiran\Desktop\MiniProject\archive (6)EmoDB\wav\15a04Nc.wav
15a04Wa,15,a04,W,angry,a,C:\Users\kiran\Desktop\MiniProject\archive (6)EmoDB\wav\15a04Wa,C:\Users\kiran\Desktop\MiniProject\archive (6)EmoDB\wav\15a04Wa.wav
15a04Wb,15,a04,W,angry,b,C:\Users\kiran\Desktop\MiniProject\archive (6)EmoDB\wav\15a04Wb,C:\Users\kiran\Desktop\MiniProject\archive (6)EmoDB\wav\15a04Wb.wav
15a05Eb,15,a05,E,disgust,b,C:\Users\kiran\Desktop\MiniProject\archive (6)EmoDB\wav\15a05Eb,C:\Users\kiran\Desktop\MiniProject\archive (6)EmoDB\wav\15a05Eb.wav
15a05Fb,15,a05,F,happy,b,C:\Users\kiran\Desktop\MiniProject\archive (6)EmoDB\wav\15a05Fb,C:\Users\kiran\Desktop\MiniProject\archive (6)EmoDB\wav\15a05Fb.wav
15a05Lb,15,a05,L,boring,b,C:\Users\kiran\Desktop\MiniProject\archive (6)EmoDB\wav\15a05Lb,C:\Users\kiran\Desktop\MiniProject\archive (6)EmoDB\wav\15a05Lb.wav
15a05Na,15,a05,N,neutral,a,C:\Users\kiran\Desktop\MiniProject\archive (6)EmoDB\wav\15a05Na,C:\Users\kiran\Desktop\MiniProject\archive (6)EmoDB\wav\15a05Na.wav
15a05Wa,15,a05,W,angry,a,C:\Users\kiran\Desktop\MiniProject\archive (6)EmoDB\wav\15a05Wa,C:\Users\kiran\Desktop\MiniProject\archive (6)EmoDB\wav\15a05Wa.wav
15a07Ac,15,a07,A,afraid,c,C:\Users\kiran\Desktop\MiniProject\archive (6)EmoDB\wav\15a07Ac,C:\Users\kiran\Desktop\MiniProject\archive (6)EmoDB\wav\15a07Ac.wav
15a07Eb,15,a07,E,disgust,b,C:\Users\kiran\Desktop\MiniProject\archive (6)EmoDB\wav\15a07Eb,C:\Users\kiran\Desktop\MiniProject\archive (6)EmoDB\wav\15a07Eb.wav
15a07Fa,15,a07,F,happy,a,C:\Users\kiran\Desktop\MiniProject\archive (6)EmoDB\wav\15a07Fa,C:\Users\kiran\Desktop\MiniProject\archive (6)EmoDB\wav\15a07Fa.wav
15a07Fb,15,a07,F,happy,b,C:\Users\kiran\Desktop\MiniProject\archive (6)EmoDB\wav\15a07Fb,C:\Users\kiran\Desktop\MiniProject\archive (6)EmoDB\wav\15a07Fb.wav
15a07Ld,15,a07,L,boring,d,C:\Users\kiran\Desktop\MiniProject\archive (6)EmoDB\wav\15a07Ld,C:\Users\kiran\Desktop\MiniProject\archive (6)EmoDB\wav\15a07Ld.wav
15a07Nc,15,a07,N,neutral,c,C:\Users\kiran\Desktop\MiniProject\archive (6)EmoDB\wav\15a07Nc,C:\Users\kiran\Desktop\MiniProject\archive (6)EmoDB\wav\15a07Nc.wav
15b01Ec,15,b01,E,disgust,c,C:\Users\kiran\Desktop\MiniProject\archive (6)EmoDB\wav\15b01Ec,C:\Users\kiran\Desktop\MiniProject\archive (6)EmoDB\wav\15b01Ec.wav
15b01Lb,15,b01,L,boring,b,C:\Users\kiran\Desktop\MiniProject\archive (6)EmoDB\wav\15b01Lb,C:\Users\kiran\Desktop\MiniProject\archive (6)EmoDB\wav\15b01Lb.wav
15b01Na,15,b01,N,neutral,a,C:\Users\kiran\Desktop\MiniProject\archive (6)EmoDB\wav\15b01Na,C:\Users\kiran\Desktop\MiniProject\archive (6)EmoDB\wav\15b01Na.wav
15b01Wc,15,b01,W,angry,c,C:\Users\kiran\Desktop\MiniProject\archive (6)EmoDB\wav\15b01Wc,C:\Users\kiran\Desktop\MiniProject\archive (6)EmoDB\wav\15b01Wc.wav
15b02Aa,15,b02,A,afraid,a,C:\Users\kiran\Desktop\MiniProject\archive (6)EmoDB\wav\15b02Aa,C:\Users\kiran\Desktop\MiniProject\archive (6)EmoDB\wav\15b02Aa.wav
15b02Lb,15,b02,L,boring,b,C:\Users\kiran\Desktop\MiniProject\archive (6)EmoDB\wav\15b02Lb,C:\Users\kiran\Desktop\MiniProject\archive (6)EmoDB\wav\15b02Lb.wav
15b02Nd,15,b02,N,neutral,d,C:\Users\kiran\Desktop\MiniProject\archive (6)EmoDB\wav\15b02Nd,C:\Users\kiran\Desktop\MiniProject\archive (6)EmoDB\wav\15b02Nd.wav
15b02Tc,15,b02,T,sad,c,C:\Users\kiran\Desktop\MiniProject\archive (6)EmoDB\wav\15b02Tc,C:\Users\kiran\Desktop\MiniProject\archive (6)EmoDB\wav\15b02Tc.wav
15b02Wa,15,b02,W,angry,a,C:\Users\kiran\Desktop\MiniProject\archive (6)EmoDB\wav\15b02Wa,C:\Users\kiran\Desktop\MiniProject\archive (6)EmoDB\wav\15b02Wa.wav
15b02Wc,15,b02,W,angry,c,C:\Users\kiran\Desktop\MiniProject\archive (6)EmoDB\wav\15b02Wc,C:\Users\kiran\Desktop\MiniProject\archive (6)EmoDB\wav\15b02Wc.wav
15b03Aa,15,b03,A,afraid,a,C:\Users\kiran\Desktop\MiniProject\archive (6)EmoDB\wav\15b03Aa,C:\Users\kiran\Desktop\MiniProject\archive (6)EmoDB\wav\15b03Aa.wav
15b03Lc,15,b03,L,boring,c,C:\Users\kiran\Desktop\MiniProject\archive (6)EmoDB\wav\15b03Lc,C:\Users\kiran\Desktop\MiniProject\archive (6)EmoDB\wav\15b03Lc.wav
15b03Nb,15,b03,N,neutral,b,C:\Users\kiran\Desktop\MiniProject\archive (6)EmoDB\wav\15b03Nb,C:\Users\kiran\Desktop\MiniProject\archive (6)EmoDB\wav\15b03Nb.wav
15b03Tc,15,b03,T,sad,c,C:\Users\kiran\Desktop\MiniProject\archive (6)EmoDB\wav\15b03Tc,C:\Users\kiran\Desktop\MiniProject\archive (6)EmoDB\wav\15b03Tc.wav
15b03Wa,15,b03,W,angry,a,C:\Users\kiran\Desktop\MiniProject\archive (6)EmoDB\wav\15b03Wa,C:\Users\kiran\Desktop\MiniProject\archive (6)EmoDB\wav\15b03Wa.wav
15b03Wb,15,b03,W,angry,b,C:\Users\kiran\Desktop\MiniProject\archive (6)EmoDB\wav\15b03Wb,C:\Users\kiran\Desktop\MiniProject\archive (6)EmoDB\wav\15b03Wb.wav
15b09Ac,15,b09,A,afraid,c,C:\Users\kiran\Desktop\MiniProject\archive (6)EmoDB\wav\15b09Ac,C:\Users\kiran\Desktop\MiniProject\archive (6)EmoDB\wav\15b09Ac.wav
15b09Fa,15,b09,F,happy,a,C:\Users\kiran\Desktop\MiniProject\archive (6)EmoDB\wav\15b09Fa,C:\Users\kiran\Desktop\MiniProject\archive (6)EmoDB\wav\15b09Fa.wav
15b09La,15,b09,L,boring,a,C:\Users\kiran\Desktop\MiniProject\archive (6)EmoDB\wav\15b09La,C:\Users\kiran\Desktop\MiniProject\archive (6)EmoDB\wav\15b09La.wav
15b09Nb,15,b09,N,neutral,b,C:\Users\kiran\Desktop\MiniProject\archive (6)EmoDB\wav\15b09Nb,C:\Users\kiran\Desktop\MiniProject\archive (6)EmoDB\wav\15b09Nb.wav
15b09Ta,15,b09,T,sad,a,C:\Users\kiran\Desktop\MiniProject\archive (6)EmoDB\wav\15b09Ta,C:\Users\kiran\Desktop\MiniProject\archive (6)EmoDB\wav\15b09Ta.wav
15b09Wb,15,b09,W,angry,b,C:\Users\kiran\Desktop\MiniProject\archive (6)EmoDB\wav\15b09Wb,C:\Users\kiran\Desktop\MiniProject\archive (6)EmoDB\wav\15b09Wb.wav
15b10Ac,15,b10,A,afraid,c,C:\Users\kiran\Desktop\MiniProject\archive (6)EmoDB\wav\15b10Ac,C:\Users\kiran\Desktop\MiniProject\archive (6)EmoDB\wav\15b10Ac.wav
15b10Lc,15,b10,L,boring,c,C:\Users\kiran\Desktop\MiniProject\archive (6)EmoDB\wav\15b10Lc,C:\Users\kiran\Desktop\MiniProject\archive (6)EmoDB\wav\15b10Lc.wav
15b10Nb,15,b10,N,neutral,b,C:\Users\kiran\Desktop\MiniProject\archive (6)EmoDB\wav\15b10Nb,C:\Users\kiran\Desktop\MiniProject\archive (6)EmoDB\wav\15b10Nb.wav
15b10Nc,15,b10,N,neutral,c,C:\Users\kiran\Desktop\MiniProject\archive (6)EmoDB\wav\15b10Nc,C:\Users\kiran\Desktop\MiniProject\archive (6)EmoDB\wav\15b10Nc.wav
15b10Wa,15,b10,W,angry,a,C:\Users\kiran\Desktop\MiniProject\archive (6)EmoDB\wav\15b10Wa,C:\Users\kiran\Desktop\MiniProject\archive (6)EmoDB\wav\15b10Wa.wav
16a01Ec,16,a01,E,disgust,c,C:\Users\kiran\Desktop\MiniProject\archive (6)EmoDB\wav\16a01Ec,C:\Users\kiran\Desktop\MiniProject\archive (6)EmoDB\wav\16a01Ec.wav
16a01Fc,16,a01,F,happy,c,C:\Users\kiran\Desktop\MiniProject\archive (6)EmoDB\wav\16a01Fc,C:\Users\kiran\Desktop\MiniProject\archive (6)EmoDB\wav\16a01Fc.wav
16a01Lb,16,a01,L,boring,b,C:\Users\kiran\Desktop\MiniProject\archive (6)EmoDB\wav\16a01Lb,C:\Users\kiran\Desktop\MiniProject\archive (6)EmoDB\wav\16a01Lb.wav
16a01Nc,16,a01,N,neutral,c,C:\Users\kiran\Desktop\MiniProject\archive (6)EmoDB\wav\16a01Nc,C:\Users\kiran\Desktop\MiniProject\archive (6)EmoDB\wav\16a01Nc.wav
16a01Tb,16,a01,T,sad,b,C:\Users\kiran\Desktop\MiniProject\archive (6)EmoDB\wav\16a01Tb,C:\Users\kiran\Desktop\MiniProject\archive (6)EmoDB\wav\16a01Tb.wav
16a01Wb,16,a01,W,angry,b,C:\Users\kiran\Desktop\MiniProject\archive (6)EmoDB\wav\16a01Wb,C:\Users\kiran\Desktop\MiniProject\archive (6)EmoDB\wav\16a01Wb.wav
16a02Ea,16,a02,E,disgust,a,C:\Users\kiran\Desktop\MiniProject\archive (6)EmoDB\wav\16a02Ea,C:\Users\kiran\Desktop\MiniProject\archive (6)EmoDB\wav\16a02Ea.wav
16a02Ec,16,a02,E,disgust,c,C:\Users\kiran\Desktop\MiniProject\archive (6)EmoDB\wav\16a02Ec,C:\Users\kiran\Desktop\MiniProject\archive (6)EmoDB\wav\16a02Ec.wav
16a02Lb,16,a02,L,boring,b,C:\Users\kiran\Desktop\MiniProject\archive (6)EmoDB\wav\16a02Lb,C:\Users\kiran\Desktop\MiniProject\archive (6)EmoDB\wav\16a02Lb.wav
16a02Nb,16,a02,N,neutral,b,C:\Users\kiran\Desktop\MiniProject\archive (6)EmoDB\wav\16a02Nb,C:\Users\kiran\Desktop\MiniProject\archive (6)EmoDB\wav\16a02Nb.wav
16a02Tc,16,a02,T,sad,c,C:\Users\kiran\Desktop\MiniProject\archive (6)EmoDB\wav\16a02Tc,C:\Users\kiran\Desktop\MiniProject\archive (6)EmoDB\wav\16a02Tc.wav
16a02Wb,16,a02,W,angry,b,C:\Users\kiran\Desktop\MiniProject\archive (6)EmoDB\wav\16a02Wb,C:\Users\kiran\Desktop\MiniProject\archive (6)EmoDB\wav\16a02Wb.wav
16a04Ab,16,a04,A,afraid,b,C:\Users\kiran\Desktop\MiniProject\archive (6)EmoDB\wav\16a04Ab,C:\Users\kiran\Desktop\MiniProject\archive (6)EmoDB\wav\16a04Ab.wav
16a04Ea,16,a04,E,disgust,a,C:\Users\kiran\Desktop\MiniProject\archive (6)EmoDB\wav\16a04Ea,C:\Users\kiran\Desktop\MiniProject\archive (6)EmoDB\wav\16a04Ea.wav
16a04Fa,16,a04,F,happy,a,C:\Users\kiran\Desktop\MiniProject\archive (6)EmoDB\wav\16a04Fa,C:\Users\kiran\Desktop\MiniProject\archive (6)EmoDB\wav\16a04Fa.wav
16a04La,16,a04,L,boring,a,C:\Users\kiran\Desktop\MiniProject\archive (6)EmoDB\wav\16a04La,C:\Users\kiran\Desktop\MiniProject\archive (6)EmoDB\wav\16a04La.wav
16a04Lc,16,a04,L,boring,c,C:\Users\kiran\Desktop\MiniProject\archive (6)EmoDB\wav\16a04Lc,C:\Users\kiran\Desktop\MiniProject\archive (6)EmoDB\wav\16a04Lc.wav
16a04Nc,16,a04,N,neutral,c,C:\Users\kiran\Desktop\MiniProject\archive (6)EmoDB\wav\16a04Nc,C:\Users\kiran\Desktop\MiniProject\archive (6)EmoDB\wav\16a04Nc.wav
16a04Tc,16,a04,T,sad,c,C:\Users\kiran\Desktop\MiniProject\archive (6)EmoDB\wav\16a04Tc,C:\Users\kiran\Desktop\MiniProject\archive (6)EmoDB\wav\16a04Tc.wav
16a04Wb,16,a04,W,angry,b,C:\Users\kiran\Desktop\MiniProject\archive (6)EmoDB\wav\16a04Wb,C:\Users\kiran\Desktop\MiniProject\archive (6)EmoDB\wav\16a04Wb.wav
16a04Wc,16,a04,W,angry,c,C:\Users\kiran\Desktop\MiniProject\archive (6)EmoDB\wav\16a04Wc,C:\Users\kiran\Desktop\MiniProject\archive (6)EmoDB\wav\16a04Wc.wav
16a05Ab,16,a05,A,afraid,b,C:\Users\kiran\Desktop\MiniProject\archive (6)EmoDB\wav\16a05Ab,C:\Users\kiran\Desktop\MiniProject\archive (6)EmoDB\wav\16a05Ab.wav
16a05Ea,16,a05,E,disgust,a,C:\Users\kiran\Desktop\MiniProject\archive (6)EmoDB\wav\16a05Ea,C:\Users\kiran\Desktop\MiniProject\archive (6)EmoDB\wav\16a05Ea.wav
16a05Fc,16,a05,F,happy,c,C:\Users\kiran\Desktop\MiniProject\archive (6)EmoDB\wav\16a05Fc,C:\Users\kiran\Desktop\MiniProject\archive (6)EmoDB\wav\16a05Fc.wav
16a05La,16,a05,L,boring,a,C:\Users\kiran\Desktop\MiniProject\archive (6)EmoDB\wav\16a05La,C:\Users\kiran\Desktop\MiniProject\archive (6)EmoDB\wav\16a05La.wav
16a05Tb,16,a05,T,sad,b,C:\Users\kiran\Desktop\MiniProject\archive (6)EmoDB\wav\16a05Tb,C:\Users\kiran\Desktop\MiniProject\archive (6)EmoDB\wav\16a05Tb.wav
16a05Wb,16,a05,W,angry,b,C:\Users\kiran\Desktop\MiniProject\archive (6)EmoDB\wav\16a05Wb,C:\Users\kiran\Desktop\MiniProject\archive (6)EmoDB\wav\16a05Wb.wav
16a05Wc,16,a05,W,angry,c,C:\Users\kiran\Desktop\MiniProject\archive (6)EmoDB\wav\16a05Wc,C:\Users\kiran\Desktop\MiniProject\archive (6)EmoDB\wav\16a05Wc.wav
16a07Ea,16,a07,E,disgust,a,C:\Users\kiran\Desktop\MiniProject\archive (6)EmoDB\wav\16a07Ea,C:\Users\kiran\Desktop\MiniProject\archive (6)EmoDB\wav\16a07Ea.wav
16a07Fa,16,a07,F,happy,a,C:\Users\kiran\Desktop\MiniProject\archive (6)EmoDB\wav\16a07Fa,C:\Users\kiran\Desktop\MiniProject\archive (6)EmoDB\wav\16a07Fa.wav
16a07Fb,16,a07,F,happy,b,C:\Users\kiran\Desktop\MiniProject\archive (6)EmoDB\wav\16a07Fb,C:\Users\kiran\Desktop\MiniProject\archive (6)EmoDB\wav\16a07Fb.wav
16a07La,16,a07,L,boring,a,C:\Users\kiran\Desktop\MiniProject\archive (6)EmoDB\wav\16a07La,C:\Users\kiran\Desktop\MiniProject\archive (6)EmoDB\wav\16a07La.wav
16a07Lb,16,a07,L,boring,b,C:\Users\kiran\Desktop\MiniProject\archive (6)EmoDB\wav\16a07Lb,C:\Users\kiran\Desktop\MiniProject\archive (6)EmoDB\wav\16a07Lb.wav
16a07Nb,16,a07,N,neutral,b,C:\Users\kiran\Desktop\MiniProject\archive (6)EmoDB\wav\16a07Nb,C:\Users\kiran\Desktop\MiniProject\archive (6)EmoDB\wav\16a07Nb.wav
16a07Td,16,a07,T,sad,d,C:\Users\kiran\Desktop\MiniProject\archive (6)EmoDB\wav\16a07Td,C:\Users\kiran\Desktop\MiniProject\archive (6)EmoDB\wav\16a07Td.wav
16a07Wa,16,a07,W,angry,a,C:\Users\kiran\Desktop\MiniProject\archive (6)EmoDB\wav\16a07Wa,C:\Users\kiran\Desktop\MiniProject\archive (6)EmoDB\wav\16a07Wa.wav
16b01Aa,16,b01,A,afraid,a,C:\Users\kiran\Desktop\MiniProject\archive (6)EmoDB\wav\16b01Aa,C:\Users\kiran\Desktop\MiniProject\archive (6)EmoDB\wav\16b01Aa.wav
16b01Eb,16,b01,E,disgust,b,C:\Users\kiran\Desktop\MiniProject\archive (6)EmoDB\wav\16b01Eb,C:\Users\kiran\Desktop\MiniProject\archive (6)EmoDB\wav\16b01Eb.wav
16b01Fa,16,b01,F,happy,a,C:\Users\kiran\Desktop\MiniProject\archive (6)EmoDB\wav\16b01Fa,C:\Users\kiran\Desktop\MiniProject\archive (6)EmoDB\wav\16b01Fa.wav
16b01La,16,b01,L,boring,a,C:\Users\kiran\Desktop\MiniProject\archive (6)EmoDB\wav\16b01La,C:\Users\kiran\Desktop\MiniProject\archive (6)EmoDB\wav\16b01La.wav
16b01Lc,16,b01,L,boring,c,C:\Users\kiran\Desktop\MiniProject\archive (6)EmoDB\wav\16b01Lc,C:\Users\kiran\Desktop\MiniProject\archive (6)EmoDB\wav\16b01Lc.wav
16b01Tb,16,b01,T,sad,b,C:\Users\kiran\Desktop\MiniProject\archive (6)EmoDB\wav\16b01Tb,C:\Users\kiran\Desktop\MiniProject\archive (6)EmoDB\wav\16b01Tb.wav
16b01Wa,16,b01,W,angry,a,C:\Users\kiran\Desktop\MiniProject\archive (6)EmoDB\wav\16b01Wa,C:\Users\kiran\Desktop\MiniProject\archive (6)EmoDB\wav\16b01Wa.wav
16b01Wb,16,b01,W,angry,b,C:\Users\kiran\Desktop\MiniProject\archive (6)EmoDB\wav\16b01Wb,C:\Users\kiran\Desktop\MiniProject\archive (6)EmoDB\wav\16b01Wb.wav
16b02Aa,16,b02,A,afraid,a,C:\Users\kiran\Desktop\MiniProject\archive (6)EmoDB\wav\16b02Aa,C:\Users\kiran\Desktop\MiniProject\archive (6)EmoDB\wav\16b02Aa.wav
16b02Eb,16,b02,E,disgust,b,C:\Users\kiran\Desktop\MiniProject\archive (6)EmoDB\wav\16b02Eb,C:\Users\kiran\Desktop\MiniProject\archive (6)EmoDB\wav\16b02Eb.wav
16b02Fd,16,b02,F,happy,d,C:\Users\kiran\Desktop\MiniProject\archive (6)EmoDB\wav\16b02Fd,C:\Users\kiran\Desktop\MiniProject\archive (6)EmoDB\wav\16b02Fd.wav
16b02Lb,16,b02,L,boring,b,C:\Users\kiran\Desktop\MiniProject\archive (6)EmoDB\wav\16b02Lb,C:\Users\kiran\Desktop\MiniProject\archive (6)EmoDB\wav\16b02Lb.wav
16b02Wb,16,b02,W,angry,b,C:\Users\kiran\Desktop\MiniProject\archive (6)EmoDB\wav\16b02Wb,C:\Users\kiran\Desktop\MiniProject\archive (6)EmoDB\wav\16b02Wb.wav
16b03Ad,16,b03,A,afraid,d,C:\Users\kiran\Desktop\MiniProject\archive (6)EmoDB\wav\16b03Ad,C:\Users\kiran\Desktop\MiniProject\archive (6)EmoDB\wav\16b03Ad.wav
16b03Ea,16,b03,E,disgust,a,C:\Users\kiran\Desktop\MiniProject\archive (6)EmoDB\wav\16b03Ea,C:\Users\kiran\Desktop\MiniProject\archive (6)EmoDB\wav\16b03Ea.wav
16b03Fa,16,b03,F,happy,a,C:\Users\kiran\Desktop\MiniProject\archive (6)EmoDB\wav\16b03Fa,C:\Users\kiran\Desktop\MiniProject\archive (6)EmoDB\wav\16b03Fa.wav
16b03Fd,16,b03,F,happy,d,C:\Users\kiran\Desktop\MiniProject\archive (6)EmoDB\wav\16b03Fd,C:\Users\kiran\Desktop\MiniProject\archive (6)EmoDB\wav\16b03Fd.wav
16b03La,16,b03,L,boring,a,C:\Users\kiran\Desktop\MiniProject\archive (6)EmoDB\wav\16b03La,C:\Users\kiran\Desktop\MiniProject\archive (6)EmoDB\wav\16b03La.wav
16b03Nb,16,b03,N,neutral,b,C:\Users\kiran\Desktop\MiniProject\archive (6)EmoDB\wav\16b03Nb,C:\Users\kiran\Desktop\MiniProject\archive (6)EmoDB\wav\16b03Nb.wav
16b03Ta,16,b03,T,sad,a,C:\Users\kiran\Desktop\MiniProject\archive (6)EmoDB\wav\16b03Ta,C:\Users\kiran\Desktop\MiniProject\archive (6)EmoDB\wav\16b03Ta.wav
16b03Wb,16,b03,W,angry,b,C:\Users\kiran\Desktop\MiniProject\archive (6)EmoDB\wav\16b03Wb,C:\Users\kiran\Desktop\MiniProject\archive (6)EmoDB\wav\16b03Wb.wav
16b09Ab,16,b09,A,afraid,b,C:\Users\kiran\Desktop\MiniProject\archive (6)EmoDB\wav\16b09Ab,C:\Users\kiran\Desktop\MiniProject\archive (6)EmoDB\wav\16b09Ab.wav
16b09Eb,16,b09,E,disgust,b,C:\Users\kiran\Desktop\MiniProject\archive (6)EmoDB\wav\16b09Eb,C:\Users\kiran\Desktop\MiniProject\archive (6)EmoDB\wav\16b09Eb.wav
16b09Fb,16,b09,F,happy,b,C:\Users\kiran\Desktop\MiniProject\archive (6)EmoDB\wav\16b09Fb,C:\Users\kiran\Desktop\MiniProject\archive (6)EmoDB\wav\16b09Fb.wav
16b09La,16,b09,L,boring,a,C:\Users\kiran\Desktop\MiniProject\archive (6)EmoDB\wav\16b09La,C:\Users\kiran\Desktop\MiniProject\archive (6)EmoDB\wav\16b09La.wav
16b09Lb,16,b09,L,boring,b,C:\Users\kiran\Desktop\MiniProject\archive (6)EmoDB\wav\16b09Lb,C:\Users\kiran\Desktop\MiniProject\archive (6)EmoDB\wav\16b09Lb.wav
16b09Wb,16,b09,W,angry,b,C:\Users\kiran\Desktop\MiniProject\archive (6)EmoDB\wav\16b09Wb,C:\Users\kiran\Desktop\MiniProject\archive (6)EmoDB\wav\16b09Wb.wav
16b10Aa,16,b10,A,afraid,a,C:\Users\kiran\Desktop\MiniProject\archive (6)EmoDB\wav\16b10Aa,C:\Users\kiran\Desktop\MiniProject\archive (6)EmoDB\wav\16b10Aa.wav
16b10Eb,16,b10,E,disgust,b,C:\Users\kiran\Desktop\MiniProject\archive (6)EmoDB\wav\16b10Eb,C:\Users\kiran\Desktop\MiniProject\archive (6)EmoDB\wav\16b10Eb.wav
16b10Fb,16,b10,F,happy,b,C:\Users\kiran\Desktop\MiniProject\archive (6)EmoDB\wav\16b10Fb,C:\Users\kiran\Desktop\MiniProject\archive (6)EmoDB\wav\16b10Fb.wav
16b10Lb,16,b10,L,boring,b,C:\Users\kiran\Desktop\MiniProject\archive (6)EmoDB\wav\16b10Lb,C:\Users\kiran\Desktop\MiniProject\archive (6)EmoDB\wav\16b10Lb.wav
16b10Tb,16,b10,T,sad,b,C:\Users\kiran\Desktop\MiniProject\archive (6)EmoDB\wav\16b10Tb,C:\Users\kiran\Desktop\MiniProject\archive (6)EmoDB\wav\16b10Tb.wav
16b10Td,16,b10,T,sad,d,C:\Users\kiran\Desktop\MiniProject\archive (6)EmoDB\wav\16b10Td,C:\Users\kiran\Desktop\MiniProject\archive (6)EmoDB\wav\16b10Td.wav
16b10Wa,16,b10,W,angry,a,C:\Users\kiran\Desktop\MiniProject\archive (6)EmoDB\wav\16b10Wa,C:\Users\kiran\Desktop\MiniProject\archive (6)EmoDB\wav\16b10Wa.wav
16b10Wb,16,b10,W,angry,b,C:\Users\kiran\Desktop\MiniProject\archive (6)EmoDB\wav\16b10Wb,C:\Users\kiran\Desktop\MiniProject\archive (6)EmoDB\wav\16b10Wb.wav
